{
 "Title": "Re: [dwyl/learn-to-send-email-via-google-script-html-no-server] Refused to connect (#384)",
 "From": "Sean McKenna \u003cnotifications@github.com\u003e",
 "To": "dwyl/learn-to-send-email-via-google-script-html-no-server \u003clearn-to-send-email-via-google-script-html-no-server@noreply.github.com\u003e",
 "Uid": "k~?!!3F0\"!?(X!!\u0026T/\"!",
 "Date": "2020-09-26 10:34:23",
 "Content": "\u003cp\u003e\u003c/p\u003e\r\n\u003cp\u003eGlad to hear it's been helpful!\u003c/p\u003e\r\n\u003cp\u003eDo you have an example you could share with us where it's failing?\u003c/p\u003e\r\n\u003cp\u003eFor example, this Codepen has the form embedded and a similar example would make seeing what's wrong far easier. I could only guess what the problem is otherwise which doesn't sound super helpful for you!\u003c/p\u003e\r\n\u003cp\u003e\u003ca href=\"https://codepen.io/mckennapsean/pen/gdYzNY\" rel=\"nofollow\"\u003ehttps://codepen.io/mckennapsean/pen/gdYzNY\u003c/a\u003e\u003c/p\u003e\r\n\r\n\u003cp style=\"font-size:small;-webkit-text-size-adjust:none;color:#666;\"\u003e\u0026mdash;\u003cbr /\u003eYou are receiving this because you authored the thread.\u003cbr /\u003eReply to this email directly, \u003ca href=\"https://github.com/dwyl/learn-to-send-email-via-google-script-html-no-server/issues/384#issuecomment-699525037\"\u003eview it on GitHub\u003c/a\u003e, or \u003ca href=\"https://github.com/notifications/unsubscribe-auth/AK4KHTCVUXVWHK327OTMTVDSHYQZ7ANCNFSM4RXXCALQ\"\u003eunsubscribe\u003c/a\u003e.\u003cimg src=\"https://github.com/notifications/beacon/AK4KHTEQG5LBEJIG7MIXA3LSHYQZ7A5CNFSM4RXXCAL2YY3PNVWWK3TUL52HS4DFVREXG43VMVBW63LNMVXHJKTDN5WW2ZLOORPWSZGOFGY6PLI.gif\" height=\"1\" width=\"1\" alt=\"\" /\u003e\u003c/p\u003e\r\n\u003cscript type=\"application/ld+json\"\u003e[\r\n{\r\n\"@context\": \"http://schema.org\",\r\n\"@type\": \"EmailMessage\",\r\n\"potentialAction\": {\r\n\"@type\": \"ViewAction\",\r\n\"target\": \"https://github.com/dwyl/learn-to-send-email-via-google-script-html-no-server/issues/384#issuecomment-699525037\",\r\n\"url\": \"https://github.com/dwyl/learn-to-send-email-via-google-script-html-no-server/issues/384#issuecomment-699525037\",\r\n\"name\": \"View Issue\"\r\n},\r\n\"description\": \"View this Issue on GitHub\",\r\n\"publisher\": {\r\n\"@type\": \"Organization\",\r\n\"name\": \"GitHub\",\r\n\"url\": \"https://github.com\"\r\n}\r\n}\r\n]\u003c/script\u003e"
}