{
 "Title": "AWS Free Tier limit alert",
 "From": "no-reply-aws@amazon.com",
 "To": "in3166@naver.com",
 "Uid": "H)%\"!HY-\"!nki!!V\u003c:!!",
 "Date": "2020-09-27 23:59:41",
 "Content": "\u003chtml\u003e\r\n    \u003cstyle type=\"text/css\"\u003e\r\n        table {\r\n            width:100%; \r\n            font-family: Helvetica, Arial,sans-serif;\r\n        }\r\n        \r\n        .tableCell {\r\n            border: 1px solid #CCCCCC;\r\n            padding:5px 10px;\r\n        }\r\n        \r\n        p.footer {\r\n            font-family: Helvetica, Arial,sans-serif;\r\n            font-size:6pt;\r\n            color:#000000;\r\n            text-align:justify\r\n        }\r\n    \u003c/style\u003e\r\n    \u003cbody\u003e\u003cimg width=\"1\" height=\"1\" src=\"https://www.amazon.com/gp/r.html?C=1MBFAF2CMECWR\u0026M=urn:rtn:msg:20200927235941ca51d8301ea449f9bc291e521a50p0na\u0026R=1KWHRUBMK93HZ\u0026T=O\u0026U=https%3A%2F%2Fimages-na.ssl-images-amazon.com%2Fimages%2FG%2F01%2Fnav%2Ftransp.gif\u0026H=1EKV7IE4WEDQVASHDOKAUJ5SS4UA\u0026ref_=pe_32559890_475255360_opens\" /\u003e\r\n       \u003ctable\u003e\r\n           \u003ctr\u003e\r\n               \u003ctd align=\"right\"\u003e\r\n                   \u003cimg style=\"display:block;\" height=35 src=\"https://d1.awsstatic.com/logos/aws-logo/full-color/AWS-Logo_Full-Color_100x60.5e9a396f44e8a57089a6c62488cd51517ae74f4b.png\" align=right\r\n                   hspace=6 vspace=6 alt=\"Description: awslogo\" title=\"Description: awslogo\" v:shapes=\"Picture_x0020_1\"\u003e\r\n                   \u003c/img\u003e\r\n               \u003c/td\u003e\r\n           \u003c/tr\u003e\r\n           \u003ctr\u003e\r\n               \u003ctd\u003e\r\n                   \u003cp style=\"margin-bottom: 6px; margin-top: 0px; border-top: 7px solid #FFC000; text-align:center; font-size:1px; \" \u003e\u0026nbsp;\u003c/p\u003e\r\n\r\n               \u003c/td\u003e\r\n           \u003c/tr\u003e\r\n        \u003c/table\u003e\r\n        \u003cbr\u003e\r\n        \u003ctable\u003e\r\n            \u003ctr\u003e\r\n               \u003ctd\u003e\r\n                   AWS Free Tier usage limit alerting via AWS Budgets\r\n               \u003c/td\u003e\r\n               \u003ctd align=\"right\"\u003e\r\n                   09/27/2020\r\n               \u003c/td\u003e\r\n           \u003c/tr\u003e\r\n         \u003c/table\u003e\r\n         \u003cbr\u003e\r\n         \u003cbr\u003e\r\n         \u003ctable\u003e\r\n           \u003ctr\u003e\r\n               \u003ctd\u003eDear AWS Customer, \u003c/td\u003e\r\n           \u003c/tr\u003e\r\n        \u003c/table\u003e\r\n        \u003cbr\u003e\r\n        \u003ctable\u003e\r\n           \u003ctr\u003e\r\n               \u003ctd\u003e\r\n                Your AWS account 751877642002 has exceeded 85% of the usage limit for one or more AWS Free Tier-eligible services for the month of September.\r\n               \u003c/td\u003e\r\n           \u003c/tr\u003e\r\n       \u003c/table\u003e \r\n       \u003cbr\u003e\r\n       \u003ctable style=\"border-collapse: collapse; max-width: 800px;\"\u003e\r\n           \u003ctr align=\"left\" bgcolor=\"#CCCCCC\"\u003e\r\n               \u003ctd class=\"tableCell\"\u003e\r\n                   \u003cfont color=\"#000000\"\u003eAWS Free Tier Usage as of 09/27/2020\u003c/font\u003e\r\n               \u003c/td\u003e\r\n               \u003ctd class=\"tableCell\"\u003e\r\n                   \u003cfont color=\"#000000\"\u003eAWS Free Tier Usage Limit\u003c/font\u003e\r\n               \u003c/td\u003e\r\n           \u003c/tr\u003e\r\n           \r\n           \u003ctr\u003e\r\n               \u003ctd class=\"tableCell\"\u003e\r\n                   639.690556 Hrs\r\n               \u003c/td\u003e\r\n               \u003ctd class=\"tableCell\"\u003e\r\n                   750 hours of Amazon EC2 Linux t2.micro instance usage\r\n               \u003c/td\u003e\r\n           \u003c/tr\u003e\r\n           \r\n       \u003c/table\u003e\r\n       \u003cbr\u003e\r\n       \u003ctable\u003e\r\n           \u003ctr\u003e\r\n               \u003ctd\u003e\r\n               To learn more about your AWS Free Tier usage, please access the \u003ca href=\"https://www.amazon.com/gp/f.html?C=1MBFAF2CMECWR\u0026M=urn:rtn:msg:20200927235941ca51d8301ea449f9bc291e521a50p0na\u0026R=2NU9BRMX5CIZ7\u0026T=C\u0026U=https%3A%2F%2Fconsole.aws.amazon.com%2Fbilling%2Fhome%3Fref_%3Dpe_32559890_475255360%23%2Fbills%3F\u0026H=Y6Q3A8ADYQAJMX9PJDMYHD1NPLAA\u0026ref_=pe_32559890_475255360\"\u003eAWS Billing \u0026 Cost Management Dashboard\u003c/a\u003e. You can find more information on AWS Free Tier \u003ca href=\"https://www.amazon.com/gp/f.html?C=1MBFAF2CMECWR\u0026M=urn:rtn:msg:20200927235941ca51d8301ea449f9bc291e521a50p0na\u0026R=29GPK8OH7V206\u0026T=C\u0026U=https%3A%2F%2Faws.amazon.com%2Ffree%2F%3Fref_%3Dpe_32559890_475255360\u0026H=YJMDELGSMLMJ7ZVRYRYOQHY0GFEA\u0026ref_=pe_32559890_475255360\"\u003ehere\u003c/a\u003e.\r\n               \u003c/td\u003e\r\n           \u003c/tr\u003e\r\n       \u003c/table\u003e \r\n       \u003cbr\u003e\r\n        \u003ctable\u003e\r\n           \u003ctr\u003e\r\n               \u003ctd\u003e\r\n                \u003cem\u003eThis alert is provided by \u003ca href=\"https://www.amazon.com/gp/f.html?C=1MBFAF2CMECWR\u0026M=urn:rtn:msg:20200927235941ca51d8301ea449f9bc291e521a50p0na\u0026R=3PQH0036OJZCC\u0026T=C\u0026U=https%3A%2F%2Fconsole.aws.amazon.com%2Fbilling%2Fhome%3F%2F%26ref_%3Dpe_32559890_475255360%23%2Fbudgets\u0026H=J5CQBG9DELICKPF4G6UJVKOQ4AUA\u0026ref_=pe_32559890_475255360\"\u003eAWS Budgets\u003c/a\u003e. AWS automatically tracks your service usage and will alert you if you have reached 85% of the usage limit for one or more AWS Free Tier-eligible services. To unsubscribe from these alerts or to change the email address to which you would like your alerts to be sent, please visit the \u003ca href=\"https://www.amazon.com/gp/f.html?C=1MBFAF2CMECWR\u0026M=urn:rtn:msg:20200927235941ca51d8301ea449f9bc291e521a50p0na\u0026R=3DILRZMV0QB53\u0026T=C\u0026U=https%3A%2F%2Fconsole.aws.amazon.com%2Fbilling%2Fhome%3Fref_%3Dpe_32559890_475255360%23%2Fpreference\u0026H=WAS4JOCD2AYHNGAIZDJODA3ARKOA\u0026ref_=pe_32559890_475255360\"\u003eCost Management Preferences\u003c/a\u003e.\u003c/em\u003e\r\n               \u003c/td\u003e\r\n           \u003c/tr\u003e\r\n       \u003c/table\u003e \r\n       \u003cbr\u003e\r\n       \u003cbr\u003e\r\n       \u003cbr\u003e\r\n       \u003cbr\u003e\r\n       \u003cbr\u003e\r\n       \u003cbr\u003e\r\n       \u003cbr\u003e\r\n       \u003cp class=\"footer\"\u003e\r\n           Please do not reply directly to this email. If you have any questions or comments regarding this email, please contact us at \u003ca href=\"https://www.amazon.com/gp/f.html?C=1MBFAF2CMECWR\u0026M=urn:rtn:msg:20200927235941ca51d8301ea449f9bc291e521a50p0na\u0026R=BXLLLULUCHUJ\u0026T=C\u0026U=https%3A%2F%2Faws.amazon.com%2Fsupport%3Fref_%3Dpe_32559890_475255360\u0026H=QTQTUUBST3DJL0U6WLJJASEWOFGA\u0026ref_=pe_32559890_475255360\"\u003ehttps://aws.amazon.com/support\u003c/a\u003e\r\n  \u003c/p\u003e\r\n  \u003cp class=\"footer\"\u003e\r\n  \r\n    This message was produced and distributed by Amazon Web Services, Inc., 410 Terry Avenue North, Seattle, Washington 98109-5210. AWS will not be bound by, and specifically objects to, any term, condition or other provision which is different from or in addition to the provisions of the AWS Customer Agreement or AWS Enterprise Agreement between AWS and you (whether or not it would materially alter such AWS Customer Agreement or AWS Enterprise Agreement) and which is submitted in any order, receipt, acceptance, confirmation, correspondence or otherwise, unless AWS specifically agrees to such provision in a written instrument signed by AWS.\r\n  \r\n  \u003c/p\u003e\r\n    \u003cimg width=\"1\" height=\"1\" src=\"https://www.amazon.com/gp/r.html?C=1MBFAF2CMECWR\u0026M=urn:rtn:msg:20200927235941ca51d8301ea449f9bc291e521a50p0na\u0026R=2GGEUXBRLK8LB\u0026T=E\u0026U=https%3A%2F%2Fimages-na.ssl-images-amazon.com%2Fimages%2FG%2F01%2Fnav%2Ftransp.gif\u0026H=TUVCBDQCNBJWOXKAV7RR0SPT9AKA\u0026ref_=pe_32559890_475255360_open\" /\u003e\u003c/body\u003e\r\n\u003c/html\u003e"
}