{
 "Title": "[네이버] 개인정보 이용내역을 안내 드립니다.",
 "From": "\"네이버\" \u003cn_privacynotice@naver.com\u003e",
 "To": "\u003cin3166@naver.com\u003e",
 "Uid": "J4#\"!KXT\"!f2K\"!!Fh!!",
 "Date": "2020-09-28 19:03:17",
 "Content": "\u003c!DOCTYPE HTML\u003e\r\n\u003chtml lang=\"ko\"\u003e\r\n\r\n\u003chead\u003e\r\n\t\u003cmeta charset=\"utf-8\"\u003e\r\n\t\u003cmeta name=\"viewport\"\r\n\t\tcontent=\"width=device-width, initial-scale=1.0, maximum-scale=1.0, minimum-scale=1.0, user-scalable=no, target-densitydpi=medium-dpi, minimal-ui\" /\u003e\r\n\t\u003cmeta name=\"apple-mobile-web-app-capable\" content=\"yes\" /\u003e\r\n\t\u003ctitle\u003e개인정보 이용내역 안내 : 네이버 프라이버시 센터\u003c/title\u003e\r\n\u003c/head\u003e\r\n\r\n\u003cbody style=\"padding:0;margin:0\"\u003e\r\n\t\u003ctable border=\"0\" cellpadding=\"0\" cellspacing=\"0\" style=\"width:100%;background-color:#f8f8f9;letter-spacing:-1px\"\r\n\t\talign=\"center\"\u003e\r\n\t\t\u003ctr\u003e\r\n\t\t\t\u003ctd align=\"center\"\u003e\r\n\t\t\t\t\u003c!-- 아웃룩용 max-width 핵 --\u003e\r\n\t\t\t\t\u003c!--[if (gte mso 9)|(IE)]\u003e\r\n    \u003ctable border=\"0\" cellpadding=\"0\" cellspacing=\"0\"\u003e\r\n    \u003ctr\u003e\r\n      \u003ctd width=\"640\"\u003e\r\n        \u003c![endif]--\u003e\r\n\t\t\t\t\u003cdiv style=\"max-width:640px;margin:0 auto\"\u003e\r\n\t\t\t\t\t\u003ctable border=\"0\" cellpadding=\"0\" cellspacing=\"0\"\r\n\t\t\t\t\t\tstyle=\"max-width:778px;width:100%;font-family:'돋움',Dotum,Helvetica,'Apple SD Gothic Neo',Sans-serif;-webkit-text-size-adjust:100%;background-color:#fff;font-size:14px;line-height:24px;color:#696969\"\r\n\t\t\t\t\t\talign=\"center\"\u003e\r\n\t\t\t\t\t\t\u003ctr\u003e\r\n\t\t\t\t\t\t\t\u003ctd height=\"22\" style=\"background-color:#f8f8f9\"\u003e\u003c/td\u003e\r\n\t\t\t\t\t\t\u003c/tr\u003e\r\n\t\t\t\t\t\t\u003ctr\u003e\r\n\t\t\t\t\t\t\t\u003ctd style=\"padding-right:27px;padding-left:21px;background-color:#f8f8f9;text-align:left\"\u003e\r\n\t\t\t\t\t\t\t\t\u003ctable border=\"0\" cellpadding=\"0\" cellspacing=\"0\"\u003e\r\n\t\t\t\t\t\t\t\t\t\u003ctr\u003e\r\n\t\t\t\t\t\t\t\t\t\t\u003ctd\u003e\r\n\t\t\t\t\t\t\t\t\t\t\t\u003ca href=\"http://nhnems.naver.com/5I-141429I-43945708I-4goaSoZE-8zPqrCF-1716667I-4ehhgE-8D-7D-7DDDD-6HBcPuD-6oCbD-7I-3\" name=\"ANCHOR598999\" target=\"_blank\"\u003e\u003cimg src=\"http://static.naver.net/dm/connect/privacy_ems_190722/logo_naver.png\" width=\"61\" alt=\"naver\" style=\"border:0;vertical-align:top\"\u003e\u003c/a\u003e\r\n\t\t\t\t\t\t\t\t\t\t\u003c/td\u003e\r\n\t\t\t\t\t\t\t\t\t\t\u003ctd style=\"padding-left:5px\"\u003e\r\n\t\t\t\t\t\t\t\t\t\t\t\u003ca href=\"http://nhnems.naver.com/5I-141429I-43945708I-4goaSoZE-8zPqrCF-1716668I-4ehhgE-8D-7D-7guScBoAD-6HBcPuD-6oCbI-3\" name=\"ANCHOR599000\" target=\"_blank\"\u003e\u003cimg src=\"https://static.nid.naver.com/images/web/privacycenter/text_privacy.png\" width=\"75\" alt=\"프라이버시 센터\" style=\"border:0;vertical-align:top\"\u003e\u003c/a\u003e\r\n\t\t\t\t\t\t\t\t\t\t\u003c/td\u003e\r\n\t\t\t\t\t\t\t\t\t\u003c/tr\u003e\r\n\t\t\t\t\t\t\t\t\u003c/table\u003e\r\n\t\t\t\t\t\t\t\u003c/td\u003e\r\n\t\t\t\t\t\t\u003c/tr\u003e\r\n\t\t\t\t\t\t\u003ctr\u003e\r\n\t\t\t\t\t\t\t\u003ctd height=\"10\" style=\"background-color:#f8f8f9\"\u003e\u003c/td\u003e\r\n\t\t\t\t\t\t\u003c/tr\u003e\r\n\t\t\t\t\t\t\u003ctr\u003e\r\n\t\t\t\t\t\t\t\u003ctd\u003e\u003cimg src=\"http://static.naver.net/dm/connect/privacy_ems_190722/img_section_v3.png\" alt=\"네이버에서 알려드립니다. 개인정보 이용내역 안내\" style=\"width:100%;border:0;vertical-align:top\"\u003e\u003c/td\u003e\r\n\t\t\t\t\t\t\u003c/tr\u003e\r\n\t\t\t\t\t\t\u003ctr\u003e\r\n\t\t\t\t\t\t\t\u003ctd style=\"padding-top:36px;padding-left:20px;padding-right:20px;padding-bottom:18px\"\u003e\r\n\t\t\t\t\t\t\t\t\u003ctable border=\"0\" cellpadding=\"0\" cellspacing=\"0\" style=\"text-align:left;letter-spacing: -1.05px;\"\u003e\r\n\t\t\t\t\t\t\t\t\t\u003ctbody\u003e\r\n\t\t\t\t\t\t\t\t\t\t\u003ctr\u003e\r\n\t\t\t\t\t\t\t\t\t\t\t\u003ctd style=\"font-size:14px;line-height:22px;color:#696969\"\u003e\r\n\t\t\t\t\t\t\t\t\t\t\t\t안녕하세요, 네이버입니다.\u003cbr\u003e\r\n\t\t\t\t\t\t\t\t\t\t\t\t항상 \u003cspan style=\"color:#03c75a;font-family: Helvetica;letter-spacing:normal;\"\u003eNAVER\u003c/span\u003e를 믿고 이용해주시는 회원님께 감사의 말씀을 드립니다.\u003c/td\u003e\r\n\t\t\t\t\t\t\t\t\t\t\u003c/tr\u003e\r\n\t\t\t\t\t\t\t\t\t\t\u003ctr\u003e\r\n\t\t\t\t\t\t\t\t\t\t\t\u003ctd style=\"height:16px\"\u003e\u003c/td\u003e\r\n\t\t\t\t\t\t\t\t\t\t\u003c/tr\u003e\r\n\t\t\t\t\t\t\t\t\t\t\u003ctr\u003e\r\n\t\t\t\t\t\t\t\t\t\t\t\u003ctd style=\"font-size:14px;line-height:22px;color:#696969\"\u003e\r\n\t\t\t\t\t\t\t\t\t\t\t\t네이버(주) 는 \u003cstrong\u003e개인정보보호법 제39조의8(개인정보 이용내역의 통지)\u003c/strong\u003e에 따라 연 1회 이상 모든 네이버 회원님들께 개인정보 이용내역을 이메일로 안내해 드리고 있습니다.\r\n\t\t\t\t\t\t\t\t\t\t\t\u003c/td\u003e\r\n\t\t\t\t\t\t\t\t\t\t\u003c/tr\u003e\r\n\t\t\t\t\t\t\t\t\t\t\u003ctr\u003e\r\n\t\t\t\t\t\t\t\t\t\t\t\u003ctd style=\"height:16px;\"\u003e\u003c/td\u003e\r\n\t\t\t\t\t\t\t\t\t\t\u003c/tr\u003e\r\n\t\t\t\t\t\t\t\t\t\t\u003ctr\u003e\r\n\t\t\t\t\t\t\t\t\t\t\t\u003ctd style=\"font-size:14px;line-height:22px;color:#696969\"\u003e\r\n\t\t\t\t\t\t\t\t\t\t\t\t네이버 회원 가입 및 서비스 이용 시 제공하여 주신 소중한 개인정보는 안전하게 보호되고 있습니다. 자세한 개인정보 이용 내역은 \u003ca href=\"http://nhnems.naver.com/4I-141429I-43945708I-4goaSoZE-8zPqrCF-1716669I-4ehhgzE-8D-7D-7guScBoAD-6HBcPuD-6oCbD-7bBSHF-3bPHUF-1eCbPI-3\" name=\"ANCHOR599001\" style=\"color:#03c75a;text-decoration:underline\" target=\"_blank\"\u003e네이버 프라이버시센터\u003c/a\u003e 에서 언제든지 확인하실 수 있습니다.\r\n\t\t\t\t\t\t\t\t\t\t\t\u003c/td\u003e\r\n\t\t\t\t\t\t\t\t\t\t\u003c/tr\u003e\r\n\t\t\t\t\t\t\t\t\t\u003c/tbody\u003e\r\n\t\t\t\t\t\t\t\t\u003c/table\u003e\r\n\t\t\t\t\t\t\t\u003c/td\u003e\r\n\t\t\t\t\t\t\u003c/tr\u003e\r\n\t\t\t\t\t\t\u003ctr\u003e\r\n\t\t\t\t\t\t\t\u003ctd style=\"text-align:center\"\u003e\r\n\t\t\t\t\t\t\t\t\u003ctable style=\"display:inline-block;table-layout:fixed;max-width:100%;vertical-align:top\" border=\"0\"\r\n\t\t\t\t\t\t\t\t\tcellpadding=\"0\" cellspacing=\"0\"\u003e\r\n\t\t\t\t\t\t\t\t\t\u003ctbody\u003e\r\n\t\t\t\t\t\t\t\t\t\t\u003ctr\u003e\r\n\t\t\t\t\t\t\t\t\t\t\t\u003ctd style=\"width:291px;padding:10px 6px 6px\"\u003e\r\n\t\t\t\t\t\t\t\t\t\t\t\t\u003ctable style=\"table-layout:fixed;width:100%;background:#03c75a\" border=\"0\" cellpadding=\"0\"\r\n\t\t\t\t\t\t\t\t\t\t\t\t\tcellspacing=\"0\"\u003e\r\n\t\t\t\t\t\t\t\t\t\t\t\t\t\u003ctbody\u003e\r\n\t\t\t\t\t\t\t\t\t\t\t\t\t\t\u003ctr\u003e\r\n\t\t\t\t\t\t\t\t\t\t\t\t\t\t\t\u003ctd height=\"60\" style=\"text-align:center;\"\u003e\r\n\t\t\t\t\t\t\t\t\t\t\t\t\t\t\t\t\u003ca href=\"http://nhnems.naver.com/5I-141429I-43945708I-4goaSoZE-8zPqrCF-1716670I-4ehhgzE-8D-7D-7HSJD-6HBcPuD-6oCbD-7UzPu2D-7ePagD-7guScBoALHmCD-6HeHI-3\" name=\"ANCHOR599002\" style=\"display:block;height:60px;font-size:19px;color:#fff;text-decoration:none;line-height:60px\" target=\"_blank\"\u003e\r\n\t\t\t\t\t\t\t\t\t\t\t\t\t\t\t\t\t개인정보 이용내역 확인\r\n\t\t\t\t\t\t\t\t\t\t\t\t\t\t\t\t\u003c/a\u003e\r\n\t\t\t\t\t\t\t\t\t\t\t\t\t\t\t\u003c/td\u003e\r\n\t\t\t\t\t\t\t\t\t\t\t\t\t\t\u003c/tr\u003e\r\n\t\t\t\t\t\t\t\t\t\t\t\t\t\u003c/tbody\u003e\r\n\t\t\t\t\t\t\t\t\t\t\t\t\u003c/table\u003e\r\n\t\t\t\t\t\t\t\t\t\t\t\u003c/td\u003e\r\n\t\t\t\t\t\t\t\t\t\t\u003c/tr\u003e\r\n\t\t\t\t\t\t\t\t\t\u003c/tbody\u003e\r\n\t\t\t\t\t\t\t\t\u003c/table\u003e\r\n\t\t\t\t\t\t\t\t\u003ctable style=\"display:inline-block;table-layout:fixed;max-width:100%;vertical-align:top;\" border=\"0\"\r\n\t\t\t\t\t\t\t\t\tcellpadding=\"0\" cellspacing=\"0\"\u003e\r\n\t\t\t\t\t\t\t\t\t\u003ctbody\u003e\r\n\t\t\t\t\t\t\t\t\t\t\u003ctr\u003e\r\n\t\t\t\t\t\t\t\t\t\t\t\u003ctd style=\"width:291px;padding:10px 6px 6px\"\u003e\r\n\t\t\t\t\t\t\t\t\t\t\t\t\u003ctable style=\"table-layout:fixed;width:100%;background:#03c75a\" border=\"0\" cellpadding=\"0\"\r\n\t\t\t\t\t\t\t\t\t\t\t\t\tcellspacing=\"0\"\u003e\r\n\t\t\t\t\t\t\t\t\t\t\t\t\t\u003ctbody\u003e\r\n\t\t\t\t\t\t\t\t\t\t\t\t\t\t\u003ctr\u003e\r\n\t\t\t\t\t\t\t\t\t\t\t\t\t\t\t\u003ctd height=\"60\" style=\"text-align:center\"\u003e\r\n\t\t\t\t\t\t\t\t\t\t\t\t\t\t\t\t\u003ca href=\"http://nhnems.naver.com/2I-141429I-43945708I-4goaSoZE-8zPqrCF-1716671I-4ehhgzE-8D-7D-7gCaSoAD-6HBcPuD-6oCbD-7gCaSoAD-7guScBoAD-6ehbaI-3\" name=\"ANCHOR599003\" style=\"display:block;height:60px;font-size:19px;color:#fff;text-decoration:none;line-height:60px\" target=\"_blank\"\u003e\r\n\t\t\t\t\t\t\t\t\t\t\t\t\t\t\t\t\t개인정보 처리방침\r\n\t\t\t\t\t\t\t\t\t\t\t\t\t\t\t\t\u003c/a\u003e\r\n\t\t\t\t\t\t\t\t\t\t\t\t\t\t\t\u003c/td\u003e\r\n\t\t\t\t\t\t\t\t\t\t\t\t\t\t\u003c/tr\u003e\r\n\t\t\t\t\t\t\t\t\t\t\t\t\t\u003c/tbody\u003e\r\n\t\t\t\t\t\t\t\t\t\t\t\t\u003c/table\u003e\r\n\t\t\t\t\t\t\t\t\t\t\t\u003c/td\u003e\r\n\t\t\t\t\t\t\t\t\t\t\u003c/tr\u003e\r\n\t\t\t\t\t\t\t\t\t\u003c/tbody\u003e\r\n\t\t\t\t\t\t\t\t\u003c/table\u003e\r\n\t\t\t\t\t\t\t\u003c/td\u003e\r\n\t\t\t\t\t\t\u003c/tr\u003e\r\n\t\t\t\t\t\t\u003ctr\u003e\r\n\t\t\t\t\t\t\t\u003ctd style=\"height:34px\"\u003e\u003c/td\u003e\r\n\t\t\t\t\t\t\u003c/tr\u003e\r\n\t\t\t\t\t\t\u003ctr\u003e\r\n\t\t\t\t\t\t\t\u003ctd style=\"height:1px;background-color:#eee\"\u003e\u003c/td\u003e\r\n\t\t\t\t\t\t\u003c/tr\u003e\r\n\t\t\t\t\t\t\u003ctr\u003e\r\n\t\t\t\t\t\t\t\u003ctd style=\"height:36px\"\u003e\u003c/td\u003e\r\n\t\t\t\t\t\t\u003c/tr\u003e\r\n\t\t\t\t\t\t\u003ctr\u003e\r\n\t\t\t\t\t\t\t\u003ctd style=\"padding-left:20px;font-size:20px;color:#424240;text-align:left;letter-spacing: -1.5px;line-height: 28px;\"\u003e\r\n\t\t\t\t\t\t\t\t\u003cstrong\u003e개인정보 이용내역 안내\u003c/strong\u003e\r\n\t\t\t\t\t\t\t\u003c/td\u003e\r\n\t\t\t\t\t\t\u003c/tr\u003e\r\n\t\t\t\t\t\t\u003ctr\u003e\r\n\t\t\t\t\t\t\t\u003ctd style=\"height:29px\"\u003e\u003c/td\u003e\r\n\t\t\t\t\t\t\u003c/tr\u003e\r\n\t\t\t\t\t\t\u003ctr\u003e\r\n\t\t\t\t\t\t\t\u003ctd style=\"text-align:center\"\u003e\r\n\t\t\t\t\t\t\t\t\u003ctable border=\"0\" cellpadding=\"0\" cellspacing=\"0\"\r\n\t\t\t\t\t\t\t\t\tstyle=\"display:inline-block;width:274px;vertical-align:top;margin-bottom: 30px;\"\u003e\r\n\t\t\t\t\t\t\t\t\t\u003ctbody\u003e\r\n\t\t\t\t\t\t\t\t\t\t\u003ctr\u003e\r\n\t\t\t\t\t\t\t\t\t\t\t\u003ctd\u003e\r\n\t\t\t\t\t\t\t\t\t\t\t\t\u003ctable border=\"0\" cellpadding=\"0\" cellspacing=\"0\" style=\"padding-left:0;padding-right:0\"\u003e\r\n\t\t\t\t\t\t\t\t\t\t\t\t\t\u003ctbody\u003e\r\n\t\t\t\t\t\t\t\t\t\t\t\t\t\t\u003ctr\u003e\r\n\t\t\t\t\t\t\t\t\t\t\t\t\t\t\t\u003ctd\u003e\r\n\t\t\t\t\t\t\t\t\t\t\t\t\t\t\t\t\u003cimg src=\"http://static.naver.net/dm/connect/privacy_ems_190722/img_sub_01_v2.png\" width=\"274\"\r\n\t\t\t\t\t\t\t\t\t\t\t\t\t\t\t\t\talt=\"\" style=\"border:0;vertical-align:top\"\u003e\r\n\t\t\t\t\t\t\t\t\t\t\t\t\t\t\t\u003c/td\u003e\r\n\t\t\t\t\t\t\t\t\t\t\t\t\t\t\u003c/tr\u003e\r\n\t\t\t\t\t\t\t\t\t\t\t\t\t\u003c/tbody\u003e\r\n\t\t\t\t\t\t\t\t\t\t\t\t\u003c/table\u003e\r\n\t\t\t\t\t\t\t\t\t\t\t\u003c/td\u003e\r\n\t\t\t\t\t\t\t\t\t\t\u003c/tr\u003e\r\n\t\t\t\t\t\t\t\t\t\u003c/tbody\u003e\r\n\t\t\t\t\t\t\t\t\u003c/table\u003e\r\n\t\t\t\t\t\t\t\t\u003ctable border=\"0\" cellpadding=\"0\" cellspacing=\"0\"\r\n\t\t\t\t\t\t\t\t\tstyle=\"display:inline-block;width:314px;vertical-align:top;letter-spacing: -1.02px;margin-bottom: 30px;\"\u003e\r\n\t\t\t\t\t\t\t\t\t\u003ctbody\u003e\r\n\t\t\t\t\t\t\t\t\t\t\u003ctr\u003e\r\n\t\t\t\t\t\t\t\t\t\t\t\u003ctd\u003e\r\n\t\t\t\t\t\t\t\t\t\t\t\t\u003ctable border=\"0\" cellpadding=\"0\" cellspacing=\"0\" style=\"padding-left: 9px;padding-right:0;text-align: left;\"\u003e\r\n\t\t\t\t\t\t\t\t\t\t\t\t\t\u003ctbody\u003e\r\n\t\t\t\t\t\t\t\t\t\t\t\t\t\t\u003ctr\u003e\r\n\t\t\t\t\t\t\t\t\t\t\t\t\t\t\t\u003ctd style=\"font-size: 14px;line-height: 14px;color: #424242;\"\u003e\r\n\t\t\t\t\t\t\t\t\t\t\t\t\t\t\t\t\u003cstrong\u003e네이버 모든 회원님께 발송 드리는 이메일입니다.\u003c/strong\u003e\r\n\t\t\t\t\t\t\t\t\t\t\t\t\t\t\t\u003c/td\u003e\r\n\t\t\t\t\t\t\t\t\t\t\t\t\t\t\u003c/tr\u003e\r\n\t\t\t\t\t\t\t\t\t\t\t\t\t\t\u003ctr\u003e\r\n\t\t\t\t\t\t\t\t\t\t\t\t\t\t\t\u003ctd style=\"height:10px\"\u003e\u003c/td\u003e\r\n\t\t\t\t\t\t\t\t\t\t\t\t\t\t\u003c/tr\u003e\r\n\t\t\t\t\t\t\t\t\t\t\t\t\t\t\u003ctr\u003e\r\n\t\t\t\t\t\t\t\t\t\t\t\t\t\t\t\u003ctd style=\"font-size: 12px;line-height: 20px;color:#696969;\"\u003e\r\n\t\t\t\t\t\t\t\t\t\t\t\t\t\t\t\t네이버에 회원 가입이 되어 있으신 경우, 서비스 이용을 위해 제공해주신 개인정보의 이용내역(수집 및 이용, 제공, 위탁 등)을 이용하고 계시는 \u003cspan style=\"color:#03c75a;\"\u003e해당 ID별\u003c/span\u003e로 안내해 드리고 있습니다. 여러개의 아이디를 보유하신 경우, 각 아이디별로 이용 내역 메일이 발송됩니다.\r\n\t\t\t\t\t\t\t\t\t\t\t\t\t\t\t\u003c/td\u003e\r\n\t\t\t\t\t\t\t\t\t\t\t\t\t\t\u003c/tr\u003e\r\n\t\t\t\t\t\t\t\t\t\t\t\t\t\u003c/tbody\u003e\r\n\t\t\t\t\t\t\t\t\t\t\t\t\u003c/table\u003e\r\n\t\t\t\t\t\t\t\t\t\t\t\u003c/td\u003e\r\n\t\t\t\t\t\t\t\t\t\t\u003c/tr\u003e\r\n\t\t\t\t\t\t\t\t\t\u003c/tbody\u003e\r\n\t\t\t\t\t\t\t\t\u003c/table\u003e\r\n\t\t\t\t\t\t\t\u003c/td\u003e\r\n\t\t\t\t\t\t\u003c/tr\u003e\r\n\t\t\t\t\t\t\u003ctr\u003e\r\n\t\t\t\t\t\t\t\u003ctd style=\"text-align:center\"\u003e\r\n\t\t\t\t\t\t\t\t\u003ctable border=\"0\" cellpadding=\"0\" cellspacing=\"0\"\r\n\t\t\t\t\t\t\t\t\tstyle=\"display:inline-block;width:274px;vertical-align:top;margin-bottom: 30px;\"\u003e\r\n\t\t\t\t\t\t\t\t\t\u003ctbody\u003e\r\n\t\t\t\t\t\t\t\t\t\t\u003ctr\u003e\r\n\t\t\t\t\t\t\t\t\t\t\t\u003ctd\u003e\r\n\t\t\t\t\t\t\t\t\t\t\t\t\u003ctable border=\"0\" cellpadding=\"0\" cellspacing=\"0\" style=\"padding-left:0;padding-right:0\"\u003e\r\n\t\t\t\t\t\t\t\t\t\t\t\t\t\u003ctbody\u003e\r\n\t\t\t\t\t\t\t\t\t\t\t\t\t\t\u003ctr\u003e\r\n\t\t\t\t\t\t\t\t\t\t\t\t\t\t\t\u003ctd\u003e\r\n\t\t\t\t\t\t\t\t\t\t\t\t\t\t\t\t\u003cimg src=\"http://static.naver.net/dm/connect/privacy_ems_190722/img_sub_02_v2.png\" width=\"274\"\r\n\t\t\t\t\t\t\t\t\t\t\t\t\t\t\t\t\talt=\"\" style=\"border:0;vertical-align:top\"\u003e\r\n\t\t\t\t\t\t\t\t\t\t\t\t\t\t\t\u003c/td\u003e\r\n\t\t\t\t\t\t\t\t\t\t\t\t\t\t\u003c/tr\u003e\r\n\t\t\t\t\t\t\t\t\t\t\t\t\t\u003c/tbody\u003e\r\n\t\t\t\t\t\t\t\t\t\t\t\t\u003c/table\u003e\r\n\t\t\t\t\t\t\t\t\t\t\t\u003c/td\u003e\r\n\t\t\t\t\t\t\t\t\t\t\u003c/tr\u003e\r\n\t\t\t\t\t\t\t\t\t\u003c/tbody\u003e\r\n\t\t\t\t\t\t\t\t\u003c/table\u003e\r\n\t\t\t\t\t\t\t\t\u003ctable border=\"0\" cellpadding=\"0\" cellspacing=\"0\"\r\n\t\t\t\t\t\t\t\t\tstyle=\"display:inline-block;width:314px;vertical-align:top;letter-spacing: -1.02px;margin-bottom: 30px;\"\u003e\r\n\t\t\t\t\t\t\t\t\t\u003ctbody\u003e\r\n\t\t\t\t\t\t\t\t\t\t\u003ctr\u003e\r\n\t\t\t\t\t\t\t\t\t\t\t\u003ctd\u003e\r\n\t\t\t\t\t\t\t\t\t\t\t\t\u003ctable border=\"0\" cellpadding=\"0\" cellspacing=\"0\" style=\"padding-left: 9px;padding-right:0;text-align: left;\"\u003e\r\n\t\t\t\t\t\t\t\t\t\t\t\t\t\u003ctbody\u003e\r\n\t\t\t\t\t\t\t\t\t\t\t\t\t\t\u003ctr\u003e\r\n\t\t\t\t\t\t\t\t\t\t\t\t\t\t\t\u003ctd style=\"font-size: 14px;line-height: 14px;color: #424242;\"\u003e\r\n\t\t\t\t\t\t\t\t\t\t\t\t\t\t\t\t\u003cstrong\u003e개인정보보호법에 근거하고 있습니다.\u003c/strong\u003e\r\n\t\t\t\t\t\t\t\t\t\t\t\t\t\t\t\u003c/td\u003e\r\n\t\t\t\t\t\t\t\t\t\t\t\t\t\t\u003c/tr\u003e\r\n\t\t\t\t\t\t\t\t\t\t\t\t\t\t\u003ctr\u003e\r\n\t\t\t\t\t\t\t\t\t\t\t\t\t\t\t\u003ctd style=\"height:10px\"\u003e\u003c/td\u003e\r\n\t\t\t\t\t\t\t\t\t\t\t\t\t\t\u003c/tr\u003e\r\n\t\t\t\t\t\t\t\t\t\t\t\t\t\t\u003ctr\u003e\r\n\t\t\t\t\t\t\t\t\t\t\t\t\t\t\t\u003ctd style=\"font-size: 12px;line-height: 20px;color:#696969;\"\u003e\r\n\t\t\t\t\t\t\t\t\t\t\t\t\t\t\t\t개인정보보호법 제39조의8에 의거하여, 매년 1회 이상 개인정보 이용내역을 의무적으로 알려 드리고 있습니다. 개인정보 이용내역 통지 메일은 \u003cspan style=\"color:#03c75a;\"\u003e법률에 의거\u003c/span\u003e하고 있기 때문에 광고성 정보 수신 동의 여부와 무관하게 발송됩니다.\r\n\t\t\t\t\t\t\t\t\t\t\t\t\t\t\t\u003c/td\u003e\r\n\t\t\t\t\t\t\t\t\t\t\t\t\t\t\u003c/tr\u003e\r\n\t\t\t\t\t\t\t\t\t\t\t\t\t\u003c/tbody\u003e\r\n\t\t\t\t\t\t\t\t\t\t\t\t\u003c/table\u003e\r\n\t\t\t\t\t\t\t\t\t\t\t\u003c/td\u003e\r\n\t\t\t\t\t\t\t\t\t\t\u003c/tr\u003e\r\n\t\t\t\t\t\t\t\t\t\u003c/tbody\u003e\r\n\t\t\t\t\t\t\t\t\u003c/table\u003e\r\n\t\t\t\t\t\t\t\u003c/td\u003e\r\n\t\t\t\t\t\t\u003c/tr\u003e\r\n\t\t\t\t\t\t\u003ctr\u003e\r\n\t\t\t\t\t\t\t\u003ctd style=\"height:11px\"\u003e\u003c/td\u003e\r\n\t\t\t\t\t\t\u003c/tr\u003e\r\n\t\t\t\t\t\t\u003ctr\u003e\r\n\t\t\t\t\t\t\t\u003ctd style=\"height:1px;background-color:#eee\"\u003e\u003c/td\u003e\r\n\t\t\t\t\t\t\u003c/tr\u003e\r\n\t\t\t\t\t\t\u003ctr\u003e\r\n\t\t\t\t\t\t\t\u003ctd style=\"height:39px\"\u003e\u003c/td\u003e\r\n\t\t\t\t\t\t\u003c/tr\u003e\r\n\t\t\t\t\t\t\u003ctr\u003e\r\n\t\t\t\t\t\t\t\u003ctd style=\"padding-left:20px;font-size:20px;color:#424240;text-align:left\"\u003e\u003cstrong\u003e개인정보 이용현황\u003c/strong\u003e\r\n\t\t\t\t\t\t\t\u003c/td\u003e\r\n\t\t\t\t\t\t\u003c/tr\u003e\r\n\t\t\t\t\t\t\u003ctr\u003e\r\n\t\t\t\t\t\t\t\u003ctd style=\"height:29px\"\u003e\u003c/td\u003e\r\n\t\t\t\t\t\t\u003c/tr\u003e\r\n\t\t\t\t\t\t\u003ctr\u003e\r\n\t\t\t\t\t\t\t\u003ctd style=\"text-align:center\"\u003e\r\n\t\t\t\t\t\t\t\t\u003ctable border=\"0\" cellpadding=\"0\" cellspacing=\"0\"\r\n\t\t\t\t\t\t\t\t\tstyle=\"display:inline-block;width:274px;vertical-align:top;margin-bottom: 30px;\"\u003e\r\n\t\t\t\t\t\t\t\t\t\u003ctbody\u003e\r\n\t\t\t\t\t\t\t\t\t\t\u003ctr\u003e\r\n\t\t\t\t\t\t\t\t\t\t\t\u003ctd\u003e\r\n\t\t\t\t\t\t\t\t\t\t\t\t\u003ctable border=\"0\" cellpadding=\"0\" cellspacing=\"0\" style=\"padding-left:0;padding-right:0\"\u003e\r\n\t\t\t\t\t\t\t\t\t\t\t\t\t\u003ctbody\u003e\r\n\t\t\t\t\t\t\t\t\t\t\t\t\t\t\u003ctr\u003e\r\n\t\t\t\t\t\t\t\t\t\t\t\t\t\t\t\u003ctd\u003e\r\n\t\t\t\t\t\t\t\t\t\t\t\t\t\t\t\t\u003cimg src=\"http://static.naver.net/dm/connect/privacy_ems_190722/img_sub_03_v2.png\" width=\"274\"\r\n\t\t\t\t\t\t\t\t\t\t\t\t\t\t\t\t\talt=\"\" style=\"border:0;vertical-align:top\"\u003e\r\n\t\t\t\t\t\t\t\t\t\t\t\t\t\t\t\u003c/td\u003e\r\n\t\t\t\t\t\t\t\t\t\t\t\t\t\t\u003c/tr\u003e\r\n\t\t\t\t\t\t\t\t\t\t\t\t\t\u003c/tbody\u003e\r\n\t\t\t\t\t\t\t\t\t\t\t\t\u003c/table\u003e\r\n\t\t\t\t\t\t\t\t\t\t\t\u003c/td\u003e\r\n\t\t\t\t\t\t\t\t\t\t\u003c/tr\u003e\r\n\t\t\t\t\t\t\t\t\t\u003c/tbody\u003e\r\n\t\t\t\t\t\t\t\t\u003c/table\u003e\r\n\t\t\t\t\t\t\t\t\u003ctable border=\"0\" cellpadding=\"0\" cellspacing=\"0\"\r\n\t\t\t\t\t\t\t\t\tstyle=\"display:inline-block;width:314px;vertical-align:top;margin-bottom: 30px;letter-spacing: -1.02px;\"\u003e\r\n\t\t\t\t\t\t\t\t\t\u003ctbody\u003e\r\n\t\t\t\t\t\t\t\t\t\t\u003ctr\u003e\r\n\t\t\t\t\t\t\t\t\t\t\t\u003ctd\u003e\r\n\t\t\t\t\t\t\t\t\t\t\t\t\u003ctable border=\"0\" cellpadding=\"0\" cellspacing=\"0\" style=\"padding-left: 9px;padding-right:0;text-align: left;\"\u003e\r\n\t\t\t\t\t\t\t\t\t\t\t\t\t\u003ctbody\u003e\r\n\t\t\t\t\t\t\t\t\t\t\t\t\t\t\u003ctr\u003e\r\n\t\t\t\t\t\t\t\t\t\t\t\t\t\t\t\u003ctd style=\"font-size: 14px;line-height: 22px;color: #424242;\"\u003e\r\n\t\t\t\t\t\t\t\t\t\t\t\t\t\t\t\t\u003cstrong style=\"margin-top: -3px;display: inline-block;\"\u003e회원님께 동의를 받아 네이버에서 실제 수집, 제공한\r\n\t\t\t\t\t\t\t\t\t\t\t\t\t\t\t\t개인정보 항목을 확인할 수 있습니다.\u003c/strong\u003e\r\n\t\t\t\t\t\t\t\t\t\t\t\t\t\t\t\u003c/td\u003e\r\n\t\t\t\t\t\t\t\t\t\t\t\t\t\t\u003c/tr\u003e\r\n\t\t\t\t\t\t\t\t\t\t\t\t\t\t\u003ctr\u003e\r\n\t\t\t\t\t\t\t\t\t\t\t\t\t\t\t\u003ctd style=\"height:10px\"\u003e\u003c/td\u003e\r\n\t\t\t\t\t\t\t\t\t\t\t\t\t\t\u003c/tr\u003e\r\n\t\t\t\t\t\t\t\t\t\t\t\t\t\t\u003ctr\u003e\r\n\t\t\t\t\t\t\t\t\t\t\t\t\t\t\t\u003ctd style=\"font-size: 12px;line-height: 20px;color:#696969;\"\u003e\r\n\t\t\t\t\t\t\t\t\t\t\t\t\t\t\t\t네이버 개인정보 이용현황 페이지에서는 \u003cspan style=\"color: #03c75a;\"\u003e네이버 아이디별로 실제 수집 또는 제공된 개인정보에 대한 정보를 맞춤으로 제공\u003c/span\u003e하고 있습니다. 철회 의사를 표시하거나 보관기간 만료로 삭제된 경우를 제외하고, 동의를 받아 수집 또는 제공된 모든 개인정보 항목을 확인할 수 있습니다. 또한, 더 이상 이용하지 않는 서비스에 대해서는 동의 의사를 철회할 수 있는 기능도 제공하고 있습니다.\r\n\t\t\t\t\t\t\t\t\t\t\t\t\t\t\t\u003c/td\u003e\r\n\t\t\t\t\t\t\t\t\t\t\t\t\t\t\u003c/tr\u003e\r\n\t\t\t\t\t\t\t\t\t\t\t\t\t\t\u003ctr\u003e\r\n\t\t\t\t\t\t\t\t\t\t\t\t\t\t\t\u003ctd style=\"height:6px\"\u003e\u003c/td\u003e\r\n\t\t\t\t\t\t\t\t\t\t\t\t\t\t\u003c/tr\u003e\r\n\t\t\t\t\t\t\t\t\t\t\t\t\t\t\u003ctr\u003e\r\n\t\t\t\t\t\t\t\t\t\t\t\t\t\t\t\u003ctd style=\"font-size: 12px;line-height: 19px;\"\u003e\r\n\t\t\t\t\t\t\t\t\t\t\t\t\t\t\t\t\u003ca href=\"http://nhnems.naver.com/8I-141429I-43945708I-4goaSoZE-8zPqrCF-1716672I-4ehhgzE-8D-7D-7HSJD-6HBcPuD-6oCbD-7UzPu2D-7ePagD-7guScBoALHmCD-6HeHI-3\" name=\"ANCHOR599004\" style=\"text-decoration: none; color:#396fc9;\" target=\"_blank\"\u003e개인정보 이용현황 바로가기 \u0026nbsp;\u0026#62;\u003c/a\u003e\r\n\t\t\t\t\t\t\t\t\t\t\t\t\t\t\t\u003c/td\u003e\r\n\t\t\t\t\t\t\t\t\t\t\t\t\t\t\u003c/tr\u003e\r\n\t\t\t\t\t\t\t\t\t\t\t\t\t\u003c/tbody\u003e\r\n\t\t\t\t\t\t\t\t\t\t\t\t\u003c/table\u003e\r\n\t\t\t\t\t\t\t\t\t\t\t\u003c/td\u003e\r\n\t\t\t\t\t\t\t\t\t\t\u003c/tr\u003e\r\n\t\t\t\t\t\t\t\t\t\u003c/tbody\u003e\r\n\t\t\t\t\t\t\t\t\u003c/table\u003e\r\n\t\t\t\t\t\t\t\u003c/td\u003e\r\n\t\t\t\t\t\t\u003c/tr\u003e\r\n\t\t\t\t\t\t\u003ctr\u003e\r\n\t\t\t\t\t\t\t\u003ctd style=\"padding-top:0;padding-left:20px;padding-right:20px;padding-bottom:18px;\"\u003e\r\n\t\t\t\t\t\t\t\t\u003ctable border=\"0\" cellpadding=\"0\" cellspacing=\"0\" style=\"text-align:left;background-color: #f4f9fa;\"\u003e\r\n\t\t\t\t\t\t\t\t\t\u003ctbody\u003e\r\n\t\t\t\t\t\t\t\t\t\t\u003ctr\u003e\r\n\t\t\t\t\t\t\t\t\t\t\t\u003ctd style=\"height:26px\"\u003e\u003c/td\u003e\r\n\t\t\t\t\t\t\t\t\t\t\u003c/tr\u003e\r\n\t\t\t\t\t\t\t\t\t\t\u003ctr\u003e\r\n\t\t\t\t\t\t\t\t\t\t\t\u003ctd style=\"width: 5.4%;\"\u003e\u003c/td\u003e\r\n\t\t\t\t\t\t\t\t\t\t\t\u003ctd style=\"font-size:16px;line-height:24px;letter-spacing: -1.2px;color:#424242;font-weight: bold;\"\u003e개인정보 이용현황 FAQ\u003c/td\u003e\r\n\t\t\t\t\t\t\t\t\t\t\t\u003ctd style=\"width: 5.4%;\"\u003e\u003c/td\u003e\r\n\t\t\t\t\t\t\t\t\t\t\u003c/tr\u003e\r\n\t\t\t\t\t\t\t\t\t\t\u003ctr\u003e\r\n\t\t\t\t\t\t\t\t\t\t\t\u003ctd style=\"height:15px\"\u003e\u003c/td\u003e\r\n\t\t\t\t\t\t\t\t\t\t\u003c/tr\u003e\r\n\t\t\t\t\t\t\t\t\t\t\u003ctr\u003e\r\n\t\t\t\t\t\t\t\t\t\t\t\u003ctd style=\"width: 5.4%;\"\u003e\u003c/td\u003e\r\n\t\t\t\t\t\t\t\t\t\t\t\u003ctd style=\"font-size:12px;line-height:22px;color:#424242;font-weight: bold;\"\u003e\r\n\t\t\t\t\t\t\t\t\t\t\t\tQ. 개인정보 이용현황에 나오는 개인정보 항목은 왜 수집, 제공된 것인가요?\r\n\t\t\t\t\t\t\t\t\t\t\t\u003c/td\u003e\r\n\t\t\t\t\t\t\t\t\t\t\t\u003ctd style=\"width: 15px;\"\u003e\u003c/td\u003e\r\n\t\t\t\t\t\t\t\t\t\t\u003c/tr\u003e\r\n\t\t\t\t\t\t\t\t\t\t\u003ctr\u003e\r\n\t\t\t\t\t\t\t\t\t\t\t\u003ctd style=\"width: 5.4%;\"\u003e\u003c/td\u003e\r\n\t\t\t\t\t\t\t\t\t\t\t\u003ctd style=\"font-size:12px;line-height:20px;color:#696969\"\u003e\r\n\t\t\t\t\t\t\t\t\t\t\t\t네이버 이용 중 추가 서비스 제공을 위해 \u003cspan style=\"color: #03c75a\"\u003e이용자의 동의를 받아\u003c/span\u003e 추가로 수집하거나 제3자에게 제공된 개인 정보 항목입니다. 단 1회라도 수집 및 제공에 동의하신 경우 해당 페이지에 노출됩니다.\r\n\t\t\t\t\t\t\t\t\t\t\t\u003c/td\u003e\r\n\t\t\t\t\t\t\t\t\t\t\t\u003ctd style=\"width: 5.4%;\"\u003e\u003c/td\u003e\r\n\t\t\t\t\t\t\t\t\t\t\u003c/tr\u003e\r\n\t\t\t\t\t\t\t\t\t\t\u003ctr\u003e\r\n\t\t\t\t\t\t\t\t\t\t\t\u003ctd style=\"height:18px\"\u003e\u003c/td\u003e\r\n\t\t\t\t\t\t\t\t\t\t\u003c/tr\u003e\r\n\t\t\t\t\t\t\t\t\t\t\u003ctr\u003e\r\n\t\t\t\t\t\t\t\t\t\t\t\u003ctd style=\"width: 5.4%;\"\u003e\u003c/td\u003e\r\n\t\t\t\t\t\t\t\t\t\t\t\u003ctd style=\"font-size:12px;line-height:22px;color:#424242;font-weight: bold;\"\u003e\r\n\t\t\t\t\t\t\t\t\t\t\t\tQ. 이용현황 [처리위탁 내역]에 나오는 모든 업체에 개인정보 처리 위탁이 발생하나요?\r\n\t\t\t\t\t\t\t\t\t\t\t\u003c/td\u003e\r\n\t\t\t\t\t\t\t\t\t\t\t\u003ctd style=\"width: 5.4%;\"\u003e\u003c/td\u003e\r\n\t\t\t\t\t\t\t\t\t\t\u003c/tr\u003e\r\n\t\t\t\t\t\t\t\t\t\t\u003ctr\u003e\r\n\t\t\t\t\t\t\t\t\t\t\t\u003ctd style=\"width: 5.4%;\"\u003e\u003c/td\u003e\r\n\t\t\t\t\t\t\t\t\t\t\t\u003ctd style=\"font-size:12px;line-height:20px;color:#696969\"\u003e\r\n\t\t\t\t\t\t\t\t\t\t\t\t개인정보처리방침 및 개인정보 이용현황 페이지에 명시된 모든 업체에게 개인정보를 위탁하는 것은 아니며, 위탁 업무 내용에 따라 \u003cspan style=\"color: #03c75a\"\u003e관련 서비스가 제공될 때에만\u003c/span\u003e 위탁이 이루어집니다. 관련 서비스를 이용하지 않는 경우에는 위탁이 이루어지지않습니다. \u003cbr\u003e\r\n\t\t\t\t\t\t\t\t\t\t\t\t\u003ca href=\"http://nhnems.naver.com/1I-141429I-43945708I-4goaSoZE-8zPqrCF-1716673I-4ehhgzE-8D-7D-7ePagD-6HBcPuD-6oCbD-7zUggCuhD-7BaSBzD-7guScBoAD-7guScBoAI-53D-6HBcPuI-3\" name=\"ANCHOR599005\" style=\"text-decoration: none; color:#396fc9;\" target=\"_blank\"\u003e더 자세히 알아보기 \u0026nbsp;\u0026#62;\u003c/a\u003e\r\n\t\t\t\t\t\t\t\t\t\t\t\u003c/td\u003e\r\n\t\t\t\t\t\t\t\t\t\t\t\u003ctd style=\"width: 5.4%;\"\u003e\u003c/td\u003e\r\n\t\t\t\t\t\t\t\t\t\t\u003c/tr\u003e\r\n\t\t\t\t\t\t\t\t\t\t\u003ctr\u003e\r\n\t\t\t\t\t\t\t\t\t\t\t\u003ctd style=\"height:24px\"\u003e\u003c/td\u003e\r\n\t\t\t\t\t\t\t\t\t\t\u003c/tr\u003e\r\n\t\t\t\t\t\t\t\t\t\u003c/tbody\u003e\r\n\t\t\t\t\t\t\t\t\u003c/table\u003e\r\n\t\t\t\t\t\t\t\u003c/td\u003e\r\n\t\t\t\t\t\t\u003c/tr\u003e\r\n\t\t\t\t\t\t\u003ctr\u003e\r\n\t\t\t\t\t\t\t\u003ctd style=\"height:23px\"\u003e\u003c/td\u003e\r\n\t\t\t\t\t\t\u003c/tr\u003e\r\n\t\t\t\t\t\t\u003ctr\u003e\r\n\t\t\t\t\t\t\t\u003ctd style=\"height:1px;background-color:#eee\"\u003e\u003c/td\u003e\r\n\t\t\t\t\t\t\u003c/tr\u003e\r\n\t\t\t\t\t\t\u003ctr\u003e\r\n\t\t\t\t\t\t\t\u003ctd style=\"height:39px\"\u003e\u003c/td\u003e\r\n\t\t\t\t\t\t\u003c/tr\u003e\r\n\t\t\t\t\t\t\u003ctr\u003e\r\n\t\t\t\t\t\t\t\u003ctd style=\"padding-left:20px;font-size:20px;color:#424240;text-align:left\"\u003e\u003cstrong\u003e네이버의 개인정보보호\u003c/strong\u003e\r\n\t\t\t\t\t\t\t\u003c/td\u003e\r\n\t\t\t\t\t\t\u003c/tr\u003e\r\n\t\t\t\t\t\t\u003ctr\u003e\r\n\t\t\t\t\t\t\t\u003ctd style=\"height:29px\"\u003e\u003c/td\u003e\r\n\t\t\t\t\t\t\u003c/tr\u003e\r\n\t\t\t\t\t\t\u003ctr\u003e\r\n\t\t\t\t\t\t\t\u003ctd style=\"text-align:center\"\u003e\r\n\t\t\t\t\t\t\t\t\u003ctable border=\"0\" cellpadding=\"0\" cellspacing=\"0\"\r\n\t\t\t\t\t\t\t\t\tstyle=\"display:inline-block;width:274px;vertical-align:top;margin-bottom: 30px;\"\u003e\r\n\t\t\t\t\t\t\t\t\t\u003ctbody\u003e\r\n\t\t\t\t\t\t\t\t\t\t\u003ctr\u003e\r\n\t\t\t\t\t\t\t\t\t\t\t\u003ctd\u003e\r\n\t\t\t\t\t\t\t\t\t\t\t\t\u003ctable border=\"0\" cellpadding=\"0\" cellspacing=\"0\" style=\"padding-left:0;padding-right:0\"\u003e\r\n\t\t\t\t\t\t\t\t\t\t\t\t\t\u003ctbody\u003e\r\n\t\t\t\t\t\t\t\t\t\t\t\t\t\t\u003ctr\u003e\r\n\t\t\t\t\t\t\t\t\t\t\t\t\t\t\t\u003ctd\u003e\r\n\t\t\t\t\t\t\t\t\t\t\t\t\t\t\t\t\u003cimg src=\"http://static.naver.net/dm/connect/privacy_ems_190722/img_sub_04_v2.png\" width=\"274\"\r\n\t\t\t\t\t\t\t\t\t\t\t\t\t\t\t\t\talt=\"\" style=\"border:0;vertical-align:top\"\u003e\r\n\t\t\t\t\t\t\t\t\t\t\t\t\t\t\t\u003c/td\u003e\r\n\t\t\t\t\t\t\t\t\t\t\t\t\t\t\u003c/tr\u003e\r\n\t\t\t\t\t\t\t\t\t\t\t\t\t\u003c/tbody\u003e\r\n\t\t\t\t\t\t\t\t\t\t\t\t\u003c/table\u003e\r\n\t\t\t\t\t\t\t\t\t\t\t\u003c/td\u003e\r\n\t\t\t\t\t\t\t\t\t\t\u003c/tr\u003e\r\n\t\t\t\t\t\t\t\t\t\u003c/tbody\u003e\r\n\t\t\t\t\t\t\t\t\u003c/table\u003e\r\n\t\t\t\t\t\t\t\t\u003ctable border=\"0\" cellpadding=\"0\" cellspacing=\"0\"\r\n\t\t\t\t\t\t\t\t\tstyle=\"display:inline-block;width:314px;vertical-align:top;letter-spacing: -1.02px;margin-bottom: 30px;\"\u003e\r\n\t\t\t\t\t\t\t\t\t\u003ctbody\u003e\r\n\t\t\t\t\t\t\t\t\t\t\u003ctr\u003e\r\n\t\t\t\t\t\t\t\t\t\t\t\u003ctd\u003e\r\n\t\t\t\t\t\t\t\t\t\t\t\t\u003ctable border=\"0\" cellpadding=\"0\" cellspacing=\"0\" style=\"padding-left: 9px;padding-right:0;text-align: left;\"\u003e\r\n\t\t\t\t\t\t\t\t\t\t\t\t\t\u003ctbody\u003e\r\n\t\t\t\t\t\t\t\t\t\t\t\t\t\t\u003ctr\u003e\r\n\t\t\t\t\t\t\t\t\t\t\t\t\t\t\t\u003ctd style=\"font-size: 14px;line-height: 14px;color: #424242;font-weight: bold;\"\u003e\r\n\t\t\t\t\t\t\t\t\t\t\t\t\t\t\t\t개인정보 자기결정권을 적극 보장합니다.\r\n\t\t\t\t\t\t\t\t\t\t\t\t\t\t\t\u003c/td\u003e\r\n\t\t\t\t\t\t\t\t\t\t\t\t\t\t\u003c/tr\u003e\r\n\t\t\t\t\t\t\t\t\t\t\t\t\t\t\u003ctr\u003e\r\n\t\t\t\t\t\t\t\t\t\t\t\t\t\t\t\u003ctd style=\"height:10px\"\u003e\u003c/td\u003e\r\n\t\t\t\t\t\t\t\t\t\t\t\t\t\t\u003c/tr\u003e\r\n\t\t\t\t\t\t\t\t\t\t\t\t\t\t\u003ctr\u003e\r\n\t\t\t\t\t\t\t\t\t\t\t\t\t\t\t\u003ctd style=\"font-size: 12px;line-height: 20px;color:#696969;\"\u003e\r\n\t\t\t\t\t\t\t\t\t\t\t\t\t\t\t\t네이버는 이용자의 프라이버시에 대한 권리를 적극 보장하기 위해 노력하고 있습니다. 네이버 프라이버시센터를 통해 \u003ca href=\"http://nhnems.naver.com/6I-141429I-43945708I-4goaSoZE-8zPqrCF-1716674I-4ehhgzE-8D-7D-7HSJD-6HBcPuD-6oCbD-7UzPu2D-7ePagD-7guScBoALHmCD-6HeHI-3\" name=\"ANCHOR599006\" style=\"color:#03c75a;text-decoration:underline;\" target=\"_blank\"\u003e‘개인정보 이용현황’\u003c/a\u003e을 포함한 다양한 개인 정보 관련 서비스 및 지식을 제공하고 있으며, 공식 블로그에서도 개인정보 관련 다양한 정보를 제공합니다.\r\n\t\t\t\t\t\t\t\t\t\t\t\t\t\t\t\u003c/td\u003e\r\n\t\t\t\t\t\t\t\t\t\t\t\t\t\t\u003c/tr\u003e\r\n\t\t\t\t\t\t\t\t\t\t\t\t\t\t\u003ctr\u003e\r\n\t\t\t\t\t\t\t\t\t\t\t\t\t\t\t\u003ctd style=\"height:10px\"\u003e\u003c/td\u003e\r\n\t\t\t\t\t\t\t\t\t\t\t\t\t\t\u003c/tr\u003e\r\n\t\t\t\t\t\t\t\t\t\t\t\t\t\t\u003ctr\u003e\r\n\t\t\t\t\t\t\t\t\t\t\t\t\t\t\t\u003ctd style=\"font-size: 12px;line-height: 19px;color:#396fc9;\"\u003e\r\n\t\t\t\t\t\t\t\t\t\t\t\t\t\t\t\t\u003ca href=\"http://nhnems.naver.com/3I-141429I-43945708I-4goaSoZE-8zPqrCF-1716675I-4ehhgzE-8D-7D-7guScBoAD-6HBcPuD-6oCbD-7bBSHF-3bPHUF-1eCbPI-3\" name=\"ANCHOR599007\" style=\"text-decoration: none; color:#396fc9;\" target=\"_blank\"\u003e네이버 프라이버시센터 \u0026nbsp;\u0026#62;\u003c/a\u003e\u003cbr\u003e\r\n\t\t\t\t\t\t\t\t\t\t\t\t\t\t\t\t\u003ca href=\"http://nhnems.naver.com/4I-141429I-43945708I-4goaSoZE-8zPqrCF-1716676I-4ehhgzE-8D-7D-7vaCED-6HBcPuD-6oCbD-7HI-5guScBoAI-3\" name=\"ANCHOR599008\" style=\"text-decoration: none; color:#396fc9;\" target=\"_blank\"\u003e네이버 개인정보보호 공식 블로그 \u0026nbsp;\u0026#62;\u003c/a\u003e\r\n\t\t\t\t\t\t\t\t\t\t\t\t\t\t\t\u003c/td\u003e\r\n\t\t\t\t\t\t\t\t\t\t\t\t\t\t\u003c/tr\u003e\r\n\t\t\t\t\t\t\t\t\t\t\t\t\t\u003c/tbody\u003e\r\n\t\t\t\t\t\t\t\t\t\t\t\t\u003c/table\u003e\r\n\t\t\t\t\t\t\t\t\t\t\t\u003c/td\u003e\r\n\t\t\t\t\t\t\t\t\t\t\u003c/tr\u003e\r\n\t\t\t\t\t\t\t\t\t\u003c/tbody\u003e\r\n\t\t\t\t\t\t\t\t\u003c/table\u003e\r\n\t\t\t\t\t\t\t\u003c/td\u003e\r\n\t\t\t\t\t\t\u003c/tr\u003e\r\n\t\t\t\t\t\t\u003ctr\u003e\r\n\t\t\t\t\t\t\t\u003ctd style=\"text-align:center\"\u003e\r\n\t\t\t\t\t\t\t\t\u003ctable border=\"0\" cellpadding=\"0\" cellspacing=\"0\"\r\n\t\t\t\t\t\t\t\t\tstyle=\"display:inline-block;width:274px;vertical-align:top;margin-bottom: 30px;\"\u003e\r\n\t\t\t\t\t\t\t\t\t\u003ctbody\u003e\r\n\t\t\t\t\t\t\t\t\t\t\u003ctr\u003e\r\n\t\t\t\t\t\t\t\t\t\t\t\u003ctd\u003e\r\n\t\t\t\t\t\t\t\t\t\t\t\t\u003ctable border=\"0\" cellpadding=\"0\" cellspacing=\"0\" style=\"padding-left:0;padding-right:0\"\u003e\r\n\t\t\t\t\t\t\t\t\t\t\t\t\t\u003ctbody\u003e\r\n\t\t\t\t\t\t\t\t\t\t\t\t\t\t\u003ctr\u003e\r\n\t\t\t\t\t\t\t\t\t\t\t\t\t\t\t\u003ctd\u003e\r\n\t\t\t\t\t\t\t\t\t\t\t\t\t\t\t\t\u003cimg src=\"http://static.naver.net/dm/connect/privacy_ems_190722/img_sub_05_v2.png\" width=\"274\"\r\n\t\t\t\t\t\t\t\t\t\t\t\t\t\t\t\t\talt=\"\" style=\"border:0;vertical-align:top\"\u003e\r\n\t\t\t\t\t\t\t\t\t\t\t\t\t\t\t\u003c/td\u003e\r\n\t\t\t\t\t\t\t\t\t\t\t\t\t\t\u003c/tr\u003e\r\n\t\t\t\t\t\t\t\t\t\t\t\t\t\u003c/tbody\u003e\r\n\t\t\t\t\t\t\t\t\t\t\t\t\u003c/table\u003e\r\n\t\t\t\t\t\t\t\t\t\t\t\u003c/td\u003e\r\n\t\t\t\t\t\t\t\t\t\t\u003c/tr\u003e\r\n\t\t\t\t\t\t\t\t\t\u003c/tbody\u003e\r\n\t\t\t\t\t\t\t\t\u003c/table\u003e\r\n\t\t\t\t\t\t\t\t\u003ctable border=\"0\" cellpadding=\"0\" cellspacing=\"0\"\r\n\t\t\t\t\t\t\t\t\tstyle=\"display:inline-block;width:314px;vertical-align:top;letter-spacing: -1.02px;margin-bottom: 30px;\"\u003e\r\n\t\t\t\t\t\t\t\t\t\u003ctbody\u003e\r\n\t\t\t\t\t\t\t\t\t\t\u003ctr\u003e\r\n\t\t\t\t\t\t\t\t\t\t\t\u003ctd\u003e\r\n\t\t\t\t\t\t\t\t\t\t\t\t\u003ctable border=\"0\" cellpadding=\"0\" cellspacing=\"0\" style=\"padding-left: 9px;padding-right:0;text-align: left;\"\u003e\r\n\t\t\t\t\t\t\t\t\t\t\t\t\t\u003ctbody\u003e\r\n\t\t\t\t\t\t\t\t\t\t\t\t\t\t\u003ctr\u003e\r\n\t\t\t\t\t\t\t\t\t\t\t\t\t\t\t\u003ctd style=\"font-size: 14px;line-height: 22px;color: #424242;font-weight: bold;\"\u003e\r\n\t\t\t\t\t\t\t\t\t\t\t\t\t\t\t\t글로벌 수준의 개인정보보호를 약속합니다.\r\n\t\t\t\t\t\t\t\t\t\t\t\t\t\t\t\u003c/td\u003e\r\n\t\t\t\t\t\t\t\t\t\t\t\t\t\t\u003c/tr\u003e\r\n\t\t\t\t\t\t\t\t\t\t\t\t\t\t\u003ctr\u003e\r\n\t\t\t\t\t\t\t\t\t\t\t\t\t\t\t\u003ctd style=\"height:10px\"\u003e\u003c/td\u003e\r\n\t\t\t\t\t\t\t\t\t\t\t\t\t\t\u003c/tr\u003e\r\n\t\t\t\t\t\t\t\t\t\t\t\t\t\t\u003ctr\u003e\r\n\t\t\t\t\t\t\t\t\t\t\t\t\t\t\t\u003ctd style=\"font-size: 12px;line-height: 20px;color:#696969;\"\u003e\r\n\t\t\t\t\t\t\t\t\t\t\t\t\t\t\t\t네이버는 여러분의 개인정보를 안전하게 보호하기 위해 최선의 노력을 다하고 있습니다. 국내외 공신력 있는 다양한 \u003cspan style=\"color:#03c75a;\"\u003e정보보호 인증\u003c/span\u003e을 통해 해마다 이를 검증 받고 있으며, 특히 프라이버시 보호에 민감히 여기실 수 있는 개인화 서비스들에 대해서는 국제인증을 취득하여 관리하고 있습니다.\r\n\t\t\t\t\t\t\t\t\t\t\t\t\t\t\t\u003c/td\u003e\r\n\t\t\t\t\t\t\t\t\t\t\t\t\t\t\u003c/tr\u003e\r\n\t\t\t\t\t\t\t\t\t\t\t\t\t\t\u003ctr\u003e\r\n\t\t\t\t\t\t\t\t\t\t\t\t\t\t\t\u003ctd style=\"height:10px\"\u003e\u003c/td\u003e\r\n\t\t\t\t\t\t\t\t\t\t\t\t\t\t\u003c/tr\u003e\r\n\t\t\t\t\t\t\t\t\t\t\t\t\t\t\u003ctr\u003e\r\n\t\t\t\t\t\t\t\t\t\t\t\t\t\t\t\u003ctd style=\"font-size: 12px;line-height: 19px;color:#396fc9;\"\u003e\r\n\t\t\t\t\t\t\t\t\t\t\t\t\t\t\t\t\u003ca href=\"http://nhnems.naver.com/7I-141429I-43945708I-4goaSoZE-8zPqrCF-1716677I-4ehhgzE-8D-7D-7guScBoAD-6HBcPuD-6oCbD-7guChPohSCHI-5BohScShAD-7guChPohSCHI-5EPHPuBaF-3bPHUF-1guChPohSCHI-5BohScShAI-5oPuhSmSoBhSCHI-5EPHPuBaI-3\" name=\"ANCHOR599009\" style=\"text-decoration: none; color:#396fc9;\" target=\"_blank\"\u003e더 자세히 알아보기 \u0026nbsp;\u0026#62;\u003c/a\u003e\r\n\t\t\t\t\t\t\t\t\t\t\t\t\t\t\t\u003c/td\u003e\r\n\t\t\t\t\t\t\t\t\t\t\t\t\t\t\u003c/tr\u003e\r\n\t\t\t\t\t\t\t\t\t\t\t\t\t\u003c/tbody\u003e\r\n\t\t\t\t\t\t\t\t\t\t\t\t\u003c/table\u003e\r\n\t\t\t\t\t\t\t\t\t\t\t\u003c/td\u003e\r\n\t\t\t\t\t\t\t\t\t\t\u003c/tr\u003e\r\n\t\t\t\t\t\t\t\t\t\u003c/tbody\u003e\r\n\t\t\t\t\t\t\t\t\u003c/table\u003e\r\n\t\t\t\t\t\t\t\u003c/td\u003e\r\n\t\t\t\t\t\t\u003c/tr\u003e\r\n\t\t\t\t\t\t\u003ctr\u003e\r\n\t\t\t\t\t\t\t\u003ctd style=\"height:24px\"\u003e\u003c/td\u003e\r\n\t\t\t\t\t\t\u003c/tr\u003e\r\n\t\t\t\t\t\t\u003c!-- footer --\u003e\r\n\t\t\t\t\t\t\u003ctr\u003e\r\n\t\t\t\t\t\t\t\u003ctd\r\n\t\t\t\t\t\t\t\tstyle=\"padding-top:28px;padding-left:21px;padding-right:21px;padding-bottom:10px;background:#f9f9f9;font-size:12px;font-family:'돋움',Dotum,Helvetica,'Apple SD Gothic Neo',Sans-serif;color:#696969;line-height:17px;text-align:left\"\u003e\r\n\t\t\t\t\t\t\t\t본 메일은 발신전용 입니다. 네이버 서비스관련 궁금하신 사항은 네이버 \u003ca href=\"http://nhnems.naver.com/5I-141429I-43945708I-4goaSoZE-8zPqrCF-1716678I-4ehhgzE-8D-7D-7ePagD-6HBcPuD-6oCbD-7I-3\" name=\"ANCHOR599010\" style=\"color:#696969;text-decoration:underline\" target=\"_blank\"\u003e고객센터\u003c/a\u003e에서 확인해주세요.\r\n\t\t\t\t\t\t\t\u003c/td\u003e\r\n\t\t\t\t\t\t\u003c/tr\u003e\r\n\t\t\t\t\t\t\u003ctr\u003e\r\n\t\t\t\t\t\t\t\u003ctd\r\n\t\t\t\t\t\t\t\tstyle=\"padding-left:21px;padding-right:21px;padding-bottom:57px;background:#f9f9f9;font-size:12px;font-family:Helvetica;color:#696969;line-height:17px;text-align:left;letter-spacing: normal;\"\u003e\r\n\t\t\t\t\t\t\t\tCopyright ⓒ \u003cstrong\u003eNAVER\u003c/strong\u003e Corp. All Rights Reserved.\r\n\t\t\t\t\t\t\t\u003c/td\u003e\r\n\t\t\t\t\t\t\u003c/tr\u003e\r\n\t\t\t\t\t\t\u003c!-- //footer --\u003e\r\n\t\t\t\t\t\u003c/table\u003e\r\n\t\t\t\t\u003c/div\u003e\r\n\t\t\t\t\u003c!--[if mso]\u003e\r\n      \u003c/td\u003e\r\n    \u003c/tr\u003e\r\n    \u003c/table\u003e\r\n\u003c![endif]--\u003e\r\n\t\t\t\u003c/td\u003e\r\n\t\t\u003c/tr\u003e\r\n\t\u003c/table\u003e\r\n\r\n\u003cimg style='display:none;' height=\"1\" width=\"1\" border=\"0\" src=\"http://nhnems.naver.com/3I-141429I-43945708I-4uPmuPzeI-4I-3\" /\u003e\u003c/html\u003e\r\n\r\n"
}