{
 "Title": "=?EUC-KR?B?Tkiz88f5xKu15SDA/MDau/OwxbehIMDPud2w4Q==?= =?EUC-KR?B?waYgvK268b26IMDMv+u+4LD8ILCzwaQgvsizuw==?=",
 "From": "\"=?EUC-KR?B?Tkiz88f5xKu15Q==?=\" \u003cnhcards@nonghyup.com\u003e",
 "To": "\"=?EUC-KR?B?sO2wtLTU?=\" \u003cin3166@naver.com\u003e",
 "Uid": "_f%#!V71!!il7\"!E1\u003e\"!",
 "Date": "2020-09-29 15:23:00",
 "Content": "\r\n\u003c!DOCTYPE html PUBLIC \"-//W3C//DTD XHTML 1.0 Transitional//EN\" \"http://www.w3.org/TR/xhtml1/DTD/xhtml1-transitional.dtd\"\u003e\r\n\u003chtml\u003e\r\n\u003chead\u003e\r\n\u003ctitle\u003e\u003c/title\u003e\r\n\u003c/head\u003e\r\n\u003cbody\u003e\r\n\u003cdiv style=\"position:relative; margin: 0 auto; min-width: 320px; max-width: 700px; display: block; word-break: keep-all; font-family: '\ufffd\ufffd\ufffd\ufffd\ufffd\ufffd\ufffd\ufffd' ,NanumGothic, '\ufffd\ufffd\ufffd\ufffd \ufffd\ufffd\ufffd\ufffd', SDNeoGothic, SDGothicNeo, '\ufffd\ufffd\ufffd\ufffd', 'dotum', sans-serif;\" id=\"nhMailWrap\"\u003e\u003c!-- header --\u003e\r\n\u003cdiv style=\"overflow: hidden; max-width: 700px; width: auto; padding-bottom: 10px; display: block;\" id=\"bridgeHeader\"\u003e\u003ca target=\"_blank\" href=\"https://card.nonghyup.com\" style=\"display: block;\" title=\"\ufffd\ufffd â \ufffd\ufffd\ufffd\ufffd\"\u003e\u003cimg src=\"https://card.nonghyup.com/images/mail/card/e-mail/NHCard_logo.gif\" alt=\"\ufffdùٸ\ufffd \ufffd\ufffdȰī\ufffd\ufffd, NH\ufffd\ufffd\ufffd\ufffdī\ufffd\ufffd\" style=\"height: 38px; width: 132px;\" /\u003e \u003c/a\u003e\u003c/div\u003e\r\n\u003c!-- header End --\u003e\u003c!-- main cont --\u003e\r\n\u003cdiv style=\"max-width: 700px; width: auto; background: url(https://card.nonghyup.com/images/IP/global/bg_login.gif) no-repeat center bottom; position: relative; padding-bottom: 100px; padding-top: 25px; padding-left: 25px; padding-right: 25px; background-size: contain; border-top-right-radius: 25px; border-bottom-left-radius: 25px; border: #3182f7 7px solid;\" class=\"nh_main_cont\"\u003e\r\n\u003cdiv class=\"mail_cont_top\"\u003e\r\n\u003ch2 style=\"text-align: center; font-size: 20px; color: #3182f7; font-weight: bold; padding: 15px 0; word-break: keep-all; \"\u003eNH\ufffd\ufffd\ufffd\ufffdī\ufffd\ufffd \ufffd\ufffd\ufffdڻ\ufffd\ufffdŷ\ufffd \ufffdϹݰ\ufffd\ufffd\ufffd \ufffd\ufffd\ufffd\ufffd\ufffd\ufffd \ufffd̿\ufffd\ufffd\ufffd\ufffd\ufffd \ufffd\ufffd\ufffd\ufffd \ufffdȳ\ufffd\u003c/h2\u003e\r\n\u003cp style=\"color: #666; font-size: 14px; line-height: 31px;\"\u003e\ufffd׻\ufffd NH\ufffd\ufffd\ufffd\ufffdī\ufffd带 \ufffd̿\ufffd\ufffd\ufffd \ufffdֽô\ufffd \ufffd\ufffd\ufffd\ufffd\ufffdԲ\ufffd \ufffd\ufffd\ufffd\ufffd\ufffd\ufffd\ufffd\ufffd \ufffd\ufffd\ufffd\ufffd\ufffd帳\ufffdϴ\ufffd. \u003cbr /\u003eNH\ufffd\ufffd\ufffd\ufffdī\ufffd\ufffd \ufffd\ufffd\ufffdڻ\ufffd\ufffdŷ\ufffd \ufffdϹݰ\ufffd\ufffd\ufffd \ufffd\ufffd\ufffd\ufffd\ufffd\ufffd \ufffd̿\ufffd\ufffd\ufffd\ufffd\ufffd\ufffd\ufffd \ufffd\ufffd\ufffd\ufffd\ufffdǾ\ufffd \u003cstrong style=\"color: #3182f7; text-decoration: none;;\"\u003e2020\ufffd\ufffd 11\ufffd\ufffd 03\ufffd\ufffd\ufffdڷ\ufffd \ufffd\ufffd\ufffd\ufffd \ufffd\ufffd\ufffd\ufffd\ufffd\ufffd \ufffd\ufffd\ufffd\ufffd\u003c/strong\u003e\ufffd\ufffd\ufffd\ufffd \ufffd˷\ufffd\ufffd帳\ufffdϴ\ufffd.\u003c/p\u003e\r\n\u003c/div\u003e\r\n\u003cdiv style=\"border-top: 1px solid #b9b3b3; border-bottom: 1px solid #ddd;;\" class=\"mail_cont_detail\"\u003e\u003cdl style=\"padding: 20px 0; display: block; overflow:hidden;\"\u003e\u003cdt style=\"color: #3182f7; font-weight: 600; font-size: 16px;\"\u003e\ufffd\ufffd\ufffd\ufffd \ufffd\ufffd\ufffd\ufffd\u003c/dt\u003e\u003cdd style=\"margin-left: 5px; font-size: 14px; color:#111; margin-top:5px;\"\u003e- NH\ufffd\ufffd\ufffd\ufffdī\ufffd\ufffd \ufffd\ufffd\ufffdڻ\ufffd\ufffdŷ\ufffd \ufffdϹݰ\ufffd\ufffd\ufffd \ufffd\ufffd\ufffd\ufffd\ufffd\ufffd \ufffd̿\ufffd\ufffd\ufffd\ufffd\ufffd\u003c/dd\u003e\u003cdt style=\"color: #3182f7; font-weight: 600; font-size: 16px; margin-top:5px;\"\u003e\ufffd\ufffd\ufffd\ufffd \ufffd\ufffd\ufffd\ufffd\u003c/dt\u003e\u003cdd style=\"margin-left: 5px; font-size: 14px; color:#111; margin-top:5px;\"\u003e- \ufffdϹݰ\ufffd\ufffd\ufffd \ufffd\ufffd\ufffd\ufffd\ufffd\ufffd \ufffd\ufffd\ufffd\ufffd\ufffd\ufffd \ufffd\ufffd\ufffd\ufffd \ufffd̿\ufffd\ufffd\ufffd\ufffd\ufffd \ufffd\ufffd\ufffd\ufffd\u003c/dd\u003e\u003cdt style=\"color: #3182f7; font-weight: 600; font-size: 16px; margin-top:5px;\"\u003e\ufffd\ufffd\ufffd\ufffd \ufffd\ufffd\ufffd\ufffd\ufffd\ufffd\u003c/dt\u003e\u003cdd style=\"margin-left: 5px; font-size: 14px; color:#111; margin-top:5px; text-decoration: none;;\"\u003e- 2020\ufffd\ufffd 11\ufffd\ufffd 03\ufffd\ufffd(ȭ)\u003c/dd\u003e\u003cdt style=\"color: #3182f7; font-weight: 600; font-size: 16px; margin-top:5px;\"\u003e\ufffd\ufffd\ufffd\ufffd \ufffd\ufffd\ufffd\ufffd \ufffd\ufffd\ufffd\ufffd\u003c/dt\u003e\u003cdd style=\"margin-left: 0;;\"\u003e\r\n\u003cdiv style=\"display:block; overflow: hidden; margin-top: 10px;;\"\u003e\r\n\u003cdiv style=\"font-size: 14px; width: 49%; float: left; padding-bottom: 10px; text-align: center; padding-top: 10px; padding-left: 0px; display: block; padding-right: 0px; background-color: #fff; border-radius: 5px; border: #3182f7 1px solid;\"\u003e\u003ca target=\"_blank\" href=\"https://card.nonghyup.com/file/ebank/form/pdf/term_nhservice_renew_0929.pdf\" style=\"text-decoration: none; color: #3182f7; font-weight: bold; display:block;\"\u003e\ufffdű\ufffd\ufffd\ufffd\ufffd\ufffd \ufffd\ufffd\ufffd\ufffdǥ\ufffd\ufffd\ufffd\ufffd\u003c/a\u003e\u003c/div\u003e\r\n\u003cdiv style=\"font-size: 14px; width: 49%; float: right; padding-bottom: 10px; text-align: center; padding-top: 10px; padding-left: 0px; display: block; padding-right: 0px; background-color: #fff; border-radius: 5px; border: #3182f7 1px solid;\"\u003e\u003ca target=\"_blank\" href=\"https://card.nonghyup.com/file/ebank/form/pdf/term_nhservice_0929.pdf\" style=\"text-decoration: none; color: #3182f7; font-weight: bold; display:block; \"\u003e\ufffd\ufffd\ufffd\ufffd\ufffd\ufffd\ufffd\ufffd \ufffd\ufffdü\ufffd\ufffd\ufffd\ufffd\u003c/a\u003e\u003c/div\u003e\r\n\u003c/div\u003e\r\n\u003c/dd\u003e\u003c/dl\u003e\u003c/div\u003e\r\n\u003c!-- main cont End --\u003e\u003c!-- footer --\u003e\r\n\u003cdiv class=\"mail_cont_bottom\"\u003e\r\n\u003cul style=\"list-style: none; margin: 0; padding:20px 0;\"\u003e\r\n\u003cli style=\"padding-left: 10px; font-size: 14px; color:#666; margin:0; margin-top:10px;\"\u003e\u003cspan style=\"font-size: 15px; width: 10px; color: #666; text-align: center; margin-left: -10px; display: inline-block;\"\u003e-\u003c/span\u003e\ufffd\ufffd \ufffd\ufffd\ufffd\ufffd\ufffdϷκ\ufffd\ufffd\ufffd 1\ufffd\ufffd\ufffd\ufffd \ufffd̳\ufffd\ufffd\ufffd \ufffd\ufffd\ufffd\ufffd\ufffd\ufffd\ufffd\ufffd\ufffd\ufffd \ufffd\ufffd \ufffd\ufffd \ufffd\ufffd\ufffd\ufffd\ufffd\ufffd, \ufffd\ufffd\ufffd\ufffd \ufffd\ufffd\ufffd\ufffd\ufffd\ufffd \ufffdǻ\ufffdǥ\ufffdø\ufffd \ufffd\ufffd\ufffd\ufffd \ufffd\ufffd\ufffd\ufffd\ufffd\ufffd \ufffd\ufffd\ufffd\ufffd \ufffd\ufffd\ufffd\ufffd \ufffd\ufffd\ufffd\ufffd\ufffd\ufffd \ufffd\ufffd\ufffd\ufffd\ufffd\ufffd \ufffd\ufffd\ufffd\ufffd\ufffd\ufffd \ufffd\ufffd\ufffdϴ\ufffd.\u003c/li\u003e\r\n\u003cli style=\"padding-left: 10px; font-size: 14px; color:#666; margin:0; margin-top:10px;\"\u003e\u003cspan style=\"font-size: 15px; width: 10px; color: #666; text-align: center; margin-left: -10px; display: inline-block;\"\u003e-\u003c/span\u003e\ufffd\ufffd\ufffd\ufffd \ufffd\ufffd\ufffd\ufffd\ufffd\ufffd \ufffd\ufffd\ufffd\ufffd\ufffdϿ\ufffd \ufffd\ufffd\ufffdǰ\ufffd \ufffd\ufffd\ufffd\ufffd\ufffdø\ufffd NH\ufffd\ufffd\ufffd\ufffdī\ufffd\ufffd ī\ufffd\ufffd\ufffd\ufffd\ufffd\ufffd\ufffdູ\ufffd\ufffd\ufffd\ufffd(\ufffd\ufffd1644-4000)\ufffdǴ\ufffd NH\ufffd\ufffd\ufffd\ufffdī\ufffd\ufffd Ȩ\ufffd\ufffd\ufffd\ufffd\ufffd\ufffd \u003ca target=\"_blank\" href=\"https://card.nonghyup.com\" title=\"\ufffd\ufffd â \ufffd\ufffd\ufffd\ufffd\"\u003e(https://card.nonghyup.com)\u003c/a\u003e\ufffd\ufffd \ufffd\ufffd\ufffd\ufffd\ufffd\ufffd \ufffdֽñ\ufffd \ufffdٶ\ufffd\ufffdϴ\ufffd.\u003c/li\u003e\r\n\u003c/ul\u003e\r\n\u003c/div\u003e\r\n\u003c/div\u003e\r\n\u003c!-- footer End --\u003e\u003c/div\u003e\r\n\u003c/body\u003e\r\n\u003c/html\u003e\r"
}