{
 "Title": "=?EUC-KR?B?W05DU8H3vvex4sPKtMm3wsbysKEuwfe5q8D7vLqwy7vnXSC48MDHxde9usauIL3Dx+C+yLO7?=",
 "From": "=?EUC-KR?B?wNqw3cbysKG75773tNw=?= \u003ckcciexam@korcham.net\u003e",
 "To": "=?EUC-KR?B?wK/AzsG+?= \u003cin3166@naver.com\u003e",
 "Uid": ":Y8\"!U=_\"!FLo!!MP[\"!",
 "Date": "2020-10-05 11:26:33",
 "Content": "\u003cHTML\u003e\r\n\u003cHEAD\u003e\r\n\u003cmeta http-equiv='Content-Type' content='text/html; charset=EUC-KR' /\u003e\r\n\u003c/HEAD\u003e\r\n\u003cBODY\u003e\r\n\r\n\u003ctitle\u003eNCS\ufffd\ufffd\ufffd\ufffd\ufffd\ufffd\ufffdʴɷ\ufffd\ufffdΰ\ufffd,\ufffd\ufffd\ufffd\ufffd\ufffd\ufffd\ufffd\ufffd\ufffd˻\ufffd\u003c/title\u003e\r\n\u003ctable width=\"762\" height=\"2048\" align=\"center\" id=\"Table_01\" border=\"0\" cellspacing=\"0\" cellpadding=\"0\"\u003e\r\n \u003ctbody\u003e\u003ctr\u003e\r\n \u003ctd colspan=\"3\"\u003e\r\n \u003cimg width=\"762\" height=\"1608\" style=\"display: block;\" alt=\"\" src=\"http://csmail.korcham.net:8080/weom/content/contentimg//20092100000002_NCS_01.jpg\"\u003e\u003c/td\u003e\r\n \u003c/tr\u003e\r\n \u003ctr\u003e\r\n \u003ctd rowspan=\"2\"\u003e\r\n \u003cimg width=\"266\" height=\"440\" style=\"display: block;\" alt=\"\" src=\"http://csmail.korcham.net:8080/weom/content/contentimg//20092100000002_NCS_02.jpg\"\u003e\u003c/td\u003e\r\n \u003ctd\u003e\r\n \u003ca href=\"http://csmail.korcham.net:80/WEOMTRACK.html?CPKN=O\u0026CPSQ=275918\u0026CPSC=0\u0026CPID=20100500000002\u0026CPMEM=aW4zMTY2\u0026CLID=001\u0026CLKN=CL\u0026CPCED=20201015\u0026DRTMF=5\u0026DRTMT=60\u0026URL=http://license.korcham.net/co/examguide.do?mm=71\u0026cd=0501\" target='eon'\u003e\r\n \u003cimg width=\"228\" height=\"56\" style=\"display: block;\" alt=\"\" src=\"http://csmail.korcham.net:8080/weom/content/contentimg//20092100000002_NCSLINK.jpg\" border=\"0\"\u003e\u003c/a\u003e\u003c/td\u003e\r\n \u003ctd rowspan=\"2\"\u003e\r\n \u003cimg width=\"268\" height=\"440\" style=\"display: block;\" alt=\"\" src=\"http://csmail.korcham.net:8080/weom/content/contentimg//20092100000002_NCS_04.jpg\"\u003e\u003c/td\u003e\r\n \u003c/tr\u003e\r\n \u003ctr\u003e\r\n \u003ctd\u003e\r\n \u003cimg width=\"228\" height=\"384\" style=\"display: block;\" alt=\"\" src=\"http://csmail.korcham.net:8080/weom/content/contentimg//20092100000002_NCS_05.jpg\"\u003e\u003c/td\u003e\r\n \u003c/tr\u003e\r\n\u003c/tbody\u003e\u003c/table\u003e\r\n\r\n\u003cimg src=\"http://csmail.korcham.net:80/WEOMTRACK.html?CPKN=O\u0026CPSQ=275918\u0026CPSC=0\u0026CPID=20100500000002\u0026CPMEM=aW4zMTY2\u0026CLID=000\u0026CLKN=OP\u0026CPCED=20201015\u0026DRTMF=5\u0026DRTMT=60\" width=1 height=1\u003e\r\n\u003ciframe src=\"http://csmail.korcham.net:80/WEOMTRACK.html?CPKN=O\u0026CPSQ=275918\u0026CPSC=0\u0026CPID=20100500000002\u0026CPMEM=aW4zMTY2\u0026CLID=000\u0026CLKN=DU\u0026CPCED=20201015\u0026DRTMF=5\u0026DRTMT=60\" frameborder=\"0\" width=\"1\" height=\"1\"\u003e\u003c/iframe\u003e\r\n\u003c/BODY\u003e\r\n\u003c/HTML\u003e\r\n"
}