{
 "Title": "=?EUC-KR?B?wNqw3cH1IMiwv+sgv+y89rvnt8ogsPi48L7Is7s=?=",
 "From": "=?EUC-KR?B?wNqw3cbysKG75773tNw=?= \u003ckcciexam@korcham.net\u003e",
 "To": "=?EUC-KR?B?wK/AzsG+?= \u003cin3166@naver.com\u003e",
 "Uid": "PbK!!DeU\"!E3j!!%X'\"!",
 "Date": "2020-10-06 02:01:05",
 "Content": "\u003cHTML\u003e\n\u003cHEAD\u003e\n\u003cmeta http-equiv='Content-Type' content='text/html; charset=EUC-KR' /\u003e\n\u003c/HEAD\u003e\n\u003cBODY\u003e\n\u003ctable width=\"840\" height=\"444\" align=\"center\" id=\"Table_01\" border=\"0\" cellspacing=\"0\" cellpadding=\"0\"\u003e\n \u003ctbody\u003e\u003ctr\u003e\n \u003ctd\u003e\n \u003cimg width=\"840\" style=\"display: block;\" alt=\"\" src=\"http://csmail.korcham.net:8080/weom/content/contentimg//20092500000002_webposter1.jpg\"\u003e\u003c/td\u003e\n \u003c/tr\u003e\n\u003c/tbody\u003e\u003c/table\u003e\n\u003cimg src=\"http://csmail.korcham.net:80/WEOMTRACK.html?CPKN=O\u0026CPSQ=3760934\u0026CPSC=0\u0026CPID=20092500000006\u0026CPMEM=aW4zMTY2\u0026CLID=000\u0026CLKN=OP\u0026CPCED=20201015\u0026DRTMF=5\u0026DRTMT=60\" width=1 height=1\u003e\r\n\u003ciframe src=\"http://csmail.korcham.net:80/WEOMTRACK.html?CPKN=O\u0026CPSQ=3760934\u0026CPSC=0\u0026CPID=20092500000006\u0026CPMEM=aW4zMTY2\u0026CLID=000\u0026CLKN=DU\u0026CPCED=20201015\u0026DRTMF=5\u0026DRTMT=60\" frameborder=\"0\" width=\"1\" height=\"1\"\u003e\u003c/iframe\u003e\r\n\u003c/BODY\u003e\n\u003c/HTML\u003e\r\n"
}