{
 "Title": "Delivery Status Notification (Failure)",
 "From": "Mail Delivery Subsystem \u003cmailer-daemon@googlemail.com\u003e",
 "To": "in3166@naver.com",
 "Uid": "(\"(#!5hn\"!`FX\"!Cph\"!",
 "Date": "2020-10-05 17:18:49",
 "Content": "\r\n\u003chtml\u003e\r\n\u003chead\u003e\r\n\u003cstyle\u003e\r\n* {\r\nfont-family:Roboto, \"Helvetica Neue\", Helvetica, Arial, sans-serif;\r\n}\r\n\u003c/style\u003e\r\n\u003c/head\u003e\r\n\u003cbody\u003e\r\n\u003ctable cellpadding=\"0\" cellspacing=\"0\" class=\"email-wrapper\" style=\"padding-top:32px;background-color:#ffffff;\"\u003e\u003ctbody\u003e\r\n\u003ctr\u003e\u003ctd\u003e\r\n\u003ctable cellpadding=0 cellspacing=0\u003e\u003ctbody\u003e\r\n\u003ctr\u003e\u003ctd style=\"max-width:560px;padding:24px 24px 32px;background-color:#fafafa;border:1px solid #e0e0e0;border-radius:2px\"\u003e\r\n\u003cimg style=\"padding:0 24px 16px 0;float:left\" width=72 height=72 alt=\"Error Icon\" src=\"cid:icon.png\"\u003e\r\n\u003ctable style=\"min-width:272px;padding-top:8px\"\u003e\u003ctbody\u003e\r\n\u003ctr\u003e\u003ctd\u003e\u003ch2 style=\"font-size:20px;color:#212121;font-weight:bold;margin:0\"\u003e\r\nMessage not delivered\r\n\u003c/h2\u003e\u003c/td\u003e\u003c/tr\u003e\r\n\u003ctr\u003e\u003ctd style=\"padding-top:20px;color:#757575;font-size:16px;font-weight:normal;text-align:left\"\u003e\r\nThere was a problem delivering your message to \u003ca style='color:#212121;text-decoration:none'\u003e\u003cb\u003ediscover@airbnb.com\u003c/b\u003e\u003c/a\u003e. See the technical details below.\r\n\u003c/td\u003e\u003c/tr\u003e\r\n\u003ctr\u003e\u003ctd style=\"padding-top:24px;color:#4285F4;font-size:14px;font-weight:bold;text-align:left\"\u003e\r\n\u003ca style=\"text-decoration:none\" href=\"https://support.google.com/a/answer/168383\"\u003eLEARN MORE\u003c/a\u003e\r\n\u003c/td\u003e\u003c/tr\u003e\r\n\u003c/tbody\u003e\u003c/table\u003e\r\n\u003c/td\u003e\u003c/tr\u003e\r\n\u003c/tbody\u003e\u003c/table\u003e\r\n\u003c/td\u003e\u003c/tr\u003e\r\n\u003ctr style=\"border:none;background-color:#fff;font-size:12.8px;width:90%\"\u003e\r\n\u003ctd align=\"left\" style=\"padding:48px 10px\"\u003e\r\nThe response was:\u003cbr/\u003e\r\n\u003cp style=\"font-family:monospace\"\u003e\r\nYour email to group donotreply@airbnb.com was rejected due to spam classification.\r\nThe owner of the group can choose to enable message moderation instead of bouncing these emails.\r\nMore information can be found here: https://support.google.com/a/answer/168383.\r\n\u003c/p\u003e\r\n\u003c/td\u003e\r\n\u003c/tr\u003e\r\n\u003c/tbody\u003e\u003c/table\u003e\r\n\u003c/body\u003e\r\n\u003c/html\u003e\r\n"
}