{
 "Title": "(광고) 겨울방학 스타트업 인턴 프로그램, Winter Coding 소식",
 "From": "프로그래머스 \u003cnews@programmers.co.kr\u003e",
 "To": "=?utf-8?Q?=EC=9C=A0=EC=9D=B8=EC=A2=85?= \u003cin3166@naver.com\u003e",
 "Uid": "YM[!!~J7!!O2h\"!@hB!!",
 "Date": "2020-10-06 07:49:26",
 "Content": "\u003c!doctype html\u003e\r\n\u003chtml xmlns=\"http://www.w3.org/1999/xhtml\" xmlns:v=\"urn:schemas-microsoft-com:vml\" xmlns:o=\"urn:schemas-microsoft-com:office:office\"\u003e\r\n    \u003chead\u003e\r\n        \u003c!-- NAME: SELL PRODUCTS --\u003e\r\n        \u003c!--[if gte mso 15]\u003e\r\n        \u003cxml\u003e\r\n            \u003co:OfficeDocumentSettings\u003e\r\n            \u003co:AllowPNG/\u003e\r\n            \u003co:PixelsPerInch\u003e96\u003c/o:PixelsPerInch\u003e\r\n            \u003c/o:OfficeDocumentSettings\u003e\r\n        \u003c/xml\u003e\r\n        \u003c![endif]--\u003e\r\n        \u003cmeta charset=\"UTF-8\"\u003e\r\n        \u003cmeta http-equiv=\"X-UA-Compatible\" content=\"IE=edge\"\u003e\r\n        \u003cmeta name=\"viewport\" content=\"width=device-width, initial-scale=1\"\u003e\r\n        \u003ctitle\u003e(광고) 겨울방학 스타트업 인턴 프로그램, Winter Coding 소식\u003c/title\u003e\r\n\r\n    \u003cstyle type=\"text/css\"\u003e\r\n\t\tp{\r\n\t\t\tmargin:10px 0;\r\n\t\t\tpadding:0;\r\n\t\t}\r\n\t\ttable{\r\n\t\t\tborder-collapse:collapse;\r\n\t\t}\r\n\t\th1,h2,h3,h4,h5,h6{\r\n\t\t\tdisplay:block;\r\n\t\t\tmargin:0;\r\n\t\t\tpadding:0;\r\n\t\t}\r\n\t\timg,a img{\r\n\t\t\tborder:0;\r\n\t\t\theight:auto;\r\n\t\t\toutline:none;\r\n\t\t\ttext-decoration:none;\r\n\t\t}\r\n\t\tbody,#bodyTable,#bodyCell{\r\n\t\t\theight:100%;\r\n\t\t\tmargin:0;\r\n\t\t\tpadding:0;\r\n\t\t\twidth:100%;\r\n\t\t}\r\n\t\t.mcnPreviewText{\r\n\t\t\tdisplay:none !important;\r\n\t\t}\r\n\t\t#outlook a{\r\n\t\t\tpadding:0;\r\n\t\t}\r\n\t\timg{\r\n\t\t\t-ms-interpolation-mode:bicubic;\r\n\t\t}\r\n\t\ttable{\r\n\t\t\tmso-table-lspace:0pt;\r\n\t\t\tmso-table-rspace:0pt;\r\n\t\t}\r\n\t\t.ReadMsgBody{\r\n\t\t\twidth:100%;\r\n\t\t}\r\n\t\t.ExternalClass{\r\n\t\t\twidth:100%;\r\n\t\t}\r\n\t\tp,a,li,td,blockquote{\r\n\t\t\tmso-line-height-rule:exactly;\r\n\t\t}\r\n\t\ta[href^=tel],a[href^=sms]{\r\n\t\t\tcolor:inherit;\r\n\t\t\tcursor:default;\r\n\t\t\ttext-decoration:none;\r\n\t\t}\r\n\t\tp,a,li,td,body,table,blockquote{\r\n\t\t\t-ms-text-size-adjust:100%;\r\n\t\t\t-webkit-text-size-adjust:100%;\r\n\t\t}\r\n\t\t.ExternalClass,.ExternalClass p,.ExternalClass td,.ExternalClass div,.ExternalClass span,.ExternalClass font{\r\n\t\t\tline-height:100%;\r\n\t\t}\r\n\t\ta[x-apple-data-detectors]{\r\n\t\t\tcolor:inherit !important;\r\n\t\t\ttext-decoration:none !important;\r\n\t\t\tfont-size:inherit !important;\r\n\t\t\tfont-family:inherit !important;\r\n\t\t\tfont-weight:inherit !important;\r\n\t\t\tline-height:inherit !important;\r\n\t\t}\r\n\t\t.templateContainer{\r\n\t\t\tmax-width:600px !important;\r\n\t\t}\r\n\t\ta.mcnButton{\r\n\t\t\tdisplay:block;\r\n\t\t}\r\n\t\t.mcnImage,.mcnRetinaImage{\r\n\t\t\tvertical-align:bottom;\r\n\t\t}\r\n\t\t.mcnTextContent{\r\n\t\t\tword-break:break-word;\r\n\t\t}\r\n\t\t.mcnTextContent img{\r\n\t\t\theight:auto !important;\r\n\t\t}\r\n\t\t.mcnDividerBlock{\r\n\t\t\ttable-layout:fixed !important;\r\n\t\t}\r\n\t\th1{\r\n\t\t\tcolor:#37485d;\r\n\t\t\tfont-family:Helvetica;\r\n\t\t\tfont-size:48px;\r\n\t\t\tfont-style:normal;\r\n\t\t\tfont-weight:bold;\r\n\t\t\tline-height:125%;\r\n\t\t\tletter-spacing:-1px;\r\n\t\t\ttext-align:left;\r\n\t\t}\r\n\t\th2{\r\n\t\t\tcolor:#37485d;\r\n\t\t\tfont-family:Helvetica;\r\n\t\t\tfont-size:34px;\r\n\t\t\tfont-style:normal;\r\n\t\t\tfont-weight:bold;\r\n\t\t\tline-height:150%;\r\n\t\t\tletter-spacing:normal;\r\n\t\t\ttext-align:left;\r\n\t\t}\r\n\t\th3{\r\n\t\t\tcolor:#37485d;\r\n\t\t\tfont-family:Helvetica;\r\n\t\t\tfont-size:22px;\r\n\t\t\tfont-style:normal;\r\n\t\t\tfont-weight:bold;\r\n\t\t\tline-height:150%;\r\n\t\t\tletter-spacing:normal;\r\n\t\t\ttext-align:left;\r\n\t\t}\r\n\t\th4{\r\n\t\t\tcolor:#37485d;\r\n\t\t\tfont-family:Georgia;\r\n\t\t\tfont-size:20px;\r\n\t\t\tfont-style:italic;\r\n\t\t\tfont-weight:normal;\r\n\t\t\tline-height:125%;\r\n\t\t\tletter-spacing:normal;\r\n\t\t\ttext-align:left;\r\n\t\t}\r\n\t\t#templateHeader{\r\n\t\t\tbackground-color:#ffffff;\r\n\t\t\tbackground-image:none;\r\n\t\t\tbackground-repeat:no-repeat;\r\n\t\t\tbackground-position:center;\r\n\t\t\tbackground-size:cover;\r\n\t\t\tborder-top:0;\r\n\t\t\tborder-bottom:0;\r\n\t\t\tpadding-top:80px;\r\n\t\t\tpadding-bottom:0px;\r\n\t\t}\r\n\t\t.headerContainer{\r\n\t\t\tbackground-color:#transparent;\r\n\t\t\tbackground-image:none;\r\n\t\t\tbackground-repeat:no-repeat;\r\n\t\t\tbackground-position:center;\r\n\t\t\tbackground-size:cover;\r\n\t\t\tborder-top:0;\r\n\t\t\tborder-bottom:0;\r\n\t\t\tpadding-top:40px;\r\n\t\t\tpadding-bottom:0px;\r\n\t\t}\r\n\t\t.headerContainer .mcnTextContent,.headerContainer .mcnTextContent p{\r\n\t\t\tcolor:#263747;\r\n\t\t\tfont-family:Helvetica;\r\n\t\t\tfont-size:24px;\r\n\t\t\tline-height:150%;\r\n\t\t\ttext-align:left;\r\n\t\t}\r\n\t\t.headerContainer .mcnTextContent a,.headerContainer .mcnTextContent p a{\r\n\t\t\tcolor:#0078ff;\r\n\t\t\tfont-weight:normal;\r\n\t\t\ttext-decoration:underline;\r\n\t\t}\r\n\t\t#templateBody{\r\n\t\t\tbackground-color:#ffffff;\r\n\t\t\tbackground-image:none;\r\n\t\t\tbackground-repeat:no-repeat;\r\n\t\t\tbackground-position:center;\r\n\t\t\tbackground-size:cover;\r\n\t\t\tborder-top:0;\r\n\t\t\tborder-bottom:0;\r\n\t\t\tpadding-top:0px;\r\n\t\t\tpadding-bottom:0px;\r\n\t\t}\r\n\t\t.bodyContainer{\r\n\t\t\tbackground-color:#transparent;\r\n\t\t\tbackground-image:none;\r\n\t\t\tbackground-repeat:no-repeat;\r\n\t\t\tbackground-position:center;\r\n\t\t\tbackground-size:cover;\r\n\t\t\tborder-top:0;\r\n\t\t\tborder-bottom:0;\r\n\t\t\tpadding-top:0;\r\n\t\t\tpadding-bottom:0;\r\n\t\t}\r\n\t\t.bodyContainer .mcnTextContent,.bodyContainer .mcnTextContent p{\r\n\t\t\tcolor:#4f6b81;\r\n\t\t\tfont-family:Helvetica;\r\n\t\t\tfont-size:16px;\r\n\t\t\tline-height:150%;\r\n\t\t\ttext-align:left;\r\n\t\t}\r\n\t\t.bodyContainer .mcnTextContent a,.bodyContainer .mcnTextContent p a{\r\n\t\t\tcolor:#0078ff;\r\n\t\t\tfont-weight:bold;\r\n\t\t\ttext-decoration:none;\r\n\t\t}\r\n\t\t#templateFooter{\r\n\t\t\tbackground-color:#ffffff;\r\n\t\t\tbackground-image:none;\r\n\t\t\tbackground-repeat:no-repeat;\r\n\t\t\tbackground-position:center;\r\n\t\t\tbackground-size:cover;\r\n\t\t\tborder-top:1px none #d7e2eb;\r\n\t\t\tborder-bottom:0;\r\n\t\t\tpadding-top:80px;\r\n\t\t\tpadding-bottom:80px;\r\n\t\t}\r\n\t\t.footerContainer{\r\n\t\t\tbackground-color:#transparent;\r\n\t\t\tbackground-image:none;\r\n\t\t\tbackground-repeat:no-repeat;\r\n\t\t\tbackground-position:center;\r\n\t\t\tbackground-size:cover;\r\n\t\t\tborder-top:0;\r\n\t\t\tborder-bottom:0;\r\n\t\t\tpadding-top:0;\r\n\t\t\tpadding-bottom:0;\r\n\t\t}\r\n\t\t.footerContainer .mcnTextContent,.footerContainer .mcnTextContent p{\r\n\t\t\tcolor:#5f7f90;\r\n\t\t\tfont-family:Helvetica;\r\n\t\t\tfont-size:12px;\r\n\t\t\tline-height:150%;\r\n\t\t\ttext-align:left;\r\n\t\t}\r\n\t\t.footerContainer .mcnTextContent a,.footerContainer .mcnTextContent p a{\r\n\t\t\tcolor:#44576c;\r\n\t\t\tfont-weight:bold;\r\n\t\t\ttext-decoration:none;\r\n\t\t}\r\n\t@media only screen and (min-width:768px){\r\n\t\t.templateContainer{\r\n\t\t\twidth:600px !important;\r\n\t\t}\r\n\r\n}\t@media only screen and (max-width: 480px){\r\n\t\tbody,table,td,p,a,li,blockquote{\r\n\t\t\t-webkit-text-size-adjust:none !important;\r\n\t\t}\r\n\r\n}\t@media only screen and (max-width: 480px){\r\n\t\tbody{\r\n\t\t\twidth:100% !important;\r\n\t\t\tmin-width:100% !important;\r\n\t\t}\r\n\r\n}\t@media only screen and (max-width: 480px){\r\n\t\t.mcnRetinaImage{\r\n\t\t\tmax-width:100% !important;\r\n\t\t}\r\n\r\n}\t@media only screen and (max-width: 480px){\r\n\t\t.mcnImage{\r\n\t\t\twidth:100% !important;\r\n\t\t}\r\n\r\n}\t@media only screen and (max-width: 480px){\r\n\t\t.mcnCartContainer,.mcnCaptionTopContent,.mcnRecContentContainer,.mcnCaptionBottomContent,.mcnTextContentContainer,.mcnBoxedTextContentContainer,.mcnImageGroupContentContainer,.mcnCaptionLeftTextContentContainer,.mcnCaptionRightTextContentContainer,.mcnCaptionLeftImageContentContainer,.mcnCaptionRightImageContentContainer,.mcnImageCardLeftTextContentContainer,.mcnImageCardRightTextContentContainer,.mcnImageCardLeftImageContentContainer,.mcnImageCardRightImageContentContainer{\r\n\t\t\tmax-width:100% !important;\r\n\t\t\twidth:100% !important;\r\n\t\t}\r\n\r\n}\t@media only screen and (max-width: 480px){\r\n\t\t.mcnBoxedTextContentContainer{\r\n\t\t\tmin-width:100% !important;\r\n\t\t}\r\n\r\n}\t@media only screen and (max-width: 480px){\r\n\t\t.mcnImageGroupContent{\r\n\t\t\tpadding:9px !important;\r\n\t\t}\r\n\r\n}\t@media only screen and (max-width: 480px){\r\n\t\t.mcnCaptionLeftContentOuter .mcnTextContent,.mcnCaptionRightContentOuter .mcnTextContent{\r\n\t\t\tpadding-top:9px !important;\r\n\t\t}\r\n\r\n}\t@media only screen and (max-width: 480px){\r\n\t\t.mcnImageCardTopImageContent,.mcnCaptionBottomContent:last-child .mcnCaptionBottomImageContent,.mcnCaptionBlockInner .mcnCaptionTopContent:last-child .mcnTextContent{\r\n\t\t\tpadding-top:18px !important;\r\n\t\t}\r\n\r\n}\t@media only screen and (max-width: 480px){\r\n\t\t.mcnImageCardBottomImageContent{\r\n\t\t\tpadding-bottom:9px !important;\r\n\t\t}\r\n\r\n}\t@media only screen and (max-width: 480px){\r\n\t\t.mcnImageGroupBlockInner{\r\n\t\t\tpadding-top:0 !important;\r\n\t\t\tpadding-bottom:0 !important;\r\n\t\t}\r\n\r\n}\t@media only screen and (max-width: 480px){\r\n\t\t.mcnImageGroupBlockOuter{\r\n\t\t\tpadding-top:9px !important;\r\n\t\t\tpadding-bottom:9px !important;\r\n\t\t}\r\n\r\n}\t@media only screen and (max-width: 480px){\r\n\t\t.mcnTextContent,.mcnBoxedTextContentColumn{\r\n\t\t\tpadding-right:18px !important;\r\n\t\t\tpadding-left:18px !important;\r\n\t\t}\r\n\r\n}\t@media only screen and (max-width: 480px){\r\n\t\t.mcnImageCardLeftImageContent,.mcnImageCardRightImageContent{\r\n\t\t\tpadding-right:18px !important;\r\n\t\t\tpadding-bottom:0 !important;\r\n\t\t\tpadding-left:18px !important;\r\n\t\t}\r\n\r\n}\t@media only screen and (max-width: 480px){\r\n\t\t.mcpreview-image-uploader{\r\n\t\t\tdisplay:none !important;\r\n\t\t\twidth:100% !important;\r\n\t\t}\r\n\r\n}\t@media only screen and (max-width: 480px){\r\n\t\th1{\r\n\t\t\tfont-size:30px !important;\r\n\t\t\tline-height:125% !important;\r\n\t\t}\r\n\r\n}\t@media only screen and (max-width: 480px){\r\n\t\th2{\r\n\t\t\tfont-size:26px !important;\r\n\t\t\tline-height:125% !important;\r\n\t\t}\r\n\r\n}\t@media only screen and (max-width: 480px){\r\n\t\th3{\r\n\t\t\tfont-size:20px !important;\r\n\t\t\tline-height:150% !important;\r\n\t\t}\r\n\r\n}\t@media only screen and (max-width: 480px){\r\n\t\th4{\r\n\t\t\tfont-size:18px !important;\r\n\t\t\tline-height:150% !important;\r\n\t\t}\r\n\r\n}\t@media only screen and (max-width: 480px){\r\n\t\t.mcnBoxedTextContentContainer .mcnTextContent,.mcnBoxedTextContentContainer .mcnTextContent p{\r\n\t\t\tfont-size:14px !important;\r\n\t\t\tline-height:150% !important;\r\n\t\t}\r\n\r\n}\t@media only screen and (max-width: 480px){\r\n\t\t.headerContainer .mcnTextContent,.headerContainer .mcnTextContent p{\r\n\t\t\tfont-size:16px !important;\r\n\t\t\tline-height:150% !important;\r\n\t\t}\r\n\r\n}\t@media only screen and (max-width: 480px){\r\n\t\t.bodyContainer .mcnTextContent,.bodyContainer .mcnTextContent p{\r\n\t\t\tfont-size:16px !important;\r\n\t\t\tline-height:150% !important;\r\n\t\t}\r\n\r\n}\t@media only screen and (max-width: 480px){\r\n\t\t.footerContainer .mcnTextContent,.footerContainer .mcnTextContent p{\r\n\t\t\tfont-size:14px !important;\r\n\t\t\tline-height:150% !important;\r\n\t\t}\r\n\r\n}\u003c/style\u003e\u003c/head\u003e\r\n    \u003cbody style=\"height: 100%;margin: 0;padding: 0;width: 100%;-ms-text-size-adjust: 100%;-webkit-text-size-adjust: 100%;\"\u003e\r\n        \u003c!--\r\n--\u003e\r\n        \u003c!--[if !gte mso 9]\u003e\u003c!----\u003e\u003cspan class=\"mcnPreviewText\" style=\"display:none; font-size:0px; line-height:0px; max-height:0px; max-width:0px; opacity:0; overflow:hidden; visibility:hidden; mso-hide:all;\"\u003eWinter Coding으로 개발자 커리어를 시작하세요!\u003c/span\u003e\u003c!--\u003c![endif]--\u003e\r\n        \u003c!--\r\n--\u003e\r\n        \u003ccenter\u003e\r\n            \u003ctable align=\"center\" border=\"0\" cellpadding=\"0\" cellspacing=\"0\" height=\"100%\" width=\"100%\" id=\"bodyTable\" style=\"border-collapse: collapse;mso-table-lspace: 0pt;mso-table-rspace: 0pt;-ms-text-size-adjust: 100%;-webkit-text-size-adjust: 100%;height: 100%;margin: 0;padding: 0;width: 100%;\"\u003e\r\n                \u003ctr\u003e\r\n                    \u003ctd align=\"center\" valign=\"top\" id=\"bodyCell\" style=\"mso-line-height-rule: exactly;-ms-text-size-adjust: 100%;-webkit-text-size-adjust: 100%;height: 100%;margin: 0;padding: 0;width: 100%;\"\u003e\r\n                        \u003c!-- BEGIN TEMPLATE // --\u003e\r\n                        \u003ctable border=\"0\" cellpadding=\"0\" cellspacing=\"0\" width=\"100%\" style=\"border-collapse: collapse;mso-table-lspace: 0pt;mso-table-rspace: 0pt;-ms-text-size-adjust: 100%;-webkit-text-size-adjust: 100%;\"\u003e\r\n                            \u003ctr\u003e\r\n                                \u003ctd align=\"center\" valign=\"top\" id=\"templateHeader\" data-template-container=\"\" style=\"background:#ffffff none no-repeat center/cover;mso-line-height-rule: exactly;-ms-text-size-adjust: 100%;-webkit-text-size-adjust: 100%;background-color: #ffffff;background-image: none;background-repeat: no-repeat;background-position: center;background-size: cover;border-top: 0;border-bottom: 0;padding-top: 80px;padding-bottom: 0px;\"\u003e\r\n                                    \u003c!--[if (gte mso 9)|(IE)]\u003e\r\n                                    \u003ctable align=\"center\" border=\"0\" cellspacing=\"0\" cellpadding=\"0\" width=\"600\" style=\"width:600px;\"\u003e\r\n                                    \u003ctr\u003e\r\n                                    \u003ctd align=\"center\" valign=\"top\" width=\"600\" style=\"width:600px;\"\u003e\r\n                                    \u003c![endif]--\u003e\r\n                                    \u003ctable align=\"center\" border=\"0\" cellpadding=\"0\" cellspacing=\"0\" width=\"100%\" class=\"templateContainer\" style=\"border-collapse: collapse;mso-table-lspace: 0pt;mso-table-rspace: 0pt;-ms-text-size-adjust: 100%;-webkit-text-size-adjust: 100%;max-width: 600px !important;\"\u003e\r\n                                        \u003ctr\u003e\r\n                                            \u003ctd valign=\"top\" class=\"headerContainer\" style=\"background:#transparent none no-repeat center/cover;mso-line-height-rule: exactly;-ms-text-size-adjust: 100%;-webkit-text-size-adjust: 100%;background-color: #transparent;background-image: none;background-repeat: no-repeat;background-position: center;background-size: cover;border-top: 0;border-bottom: 0;padding-top: 40px;padding-bottom: 0px;\"\u003e\u003ctable border=\"0\" cellpadding=\"0\" cellspacing=\"0\" width=\"100%\" class=\"mcnImageBlock\" style=\"min-width: 100%;border-collapse: collapse;mso-table-lspace: 0pt;mso-table-rspace: 0pt;-ms-text-size-adjust: 100%;-webkit-text-size-adjust: 100%;\"\u003e\r\n    \u003ctbody class=\"mcnImageBlockOuter\"\u003e\r\n            \u003ctr\u003e\r\n                \u003ctd valign=\"top\" style=\"padding: 9px;mso-line-height-rule: exactly;-ms-text-size-adjust: 100%;-webkit-text-size-adjust: 100%;\" class=\"mcnImageBlockInner\"\u003e\r\n                    \u003ctable align=\"left\" width=\"100%\" border=\"0\" cellpadding=\"0\" cellspacing=\"0\" class=\"mcnImageContentContainer\" style=\"min-width: 100%;border-collapse: collapse;mso-table-lspace: 0pt;mso-table-rspace: 0pt;-ms-text-size-adjust: 100%;-webkit-text-size-adjust: 100%;\"\u003e\r\n                        \u003ctbody\u003e\u003ctr\u003e\r\n                            \u003ctd class=\"mcnImageContent\" valign=\"top\" style=\"padding-right: 9px;padding-left: 9px;padding-top: 0;padding-bottom: 0;mso-line-height-rule: exactly;-ms-text-size-adjust: 100%;-webkit-text-size-adjust: 100%;\"\u003e\r\n\r\n\r\n                                        \u003cimg align=\"left\" alt=\"\" src=\"https://gallery.mailchimp.com/21baa7fb3ea75aa72fc22aae9/images/bb906d04-1e6b-4e71-920a-8b8c5fded1c3.png\" width=\"40\" style=\"max-width: 80px;padding-bottom: 0;display: inline !important;vertical-align: bottom;border: 0;height: auto;outline: none;text-decoration: none;-ms-interpolation-mode: bicubic;\" class=\"mcnRetinaImage\"\u003e\r\n\r\n\r\n                            \u003c/td\u003e\r\n                        \u003c/tr\u003e\r\n                    \u003c/tbody\u003e\u003c/table\u003e\r\n                \u003c/td\u003e\r\n            \u003c/tr\u003e\r\n    \u003c/tbody\u003e\r\n\u003c/table\u003e\u003ctable border=\"0\" cellpadding=\"0\" cellspacing=\"0\" width=\"100%\" class=\"mcnDividerBlock\" style=\"min-width: 100%;border-collapse: collapse;mso-table-lspace: 0pt;mso-table-rspace: 0pt;-ms-text-size-adjust: 100%;-webkit-text-size-adjust: 100%;table-layout: fixed !important;\"\u003e\r\n    \u003ctbody class=\"mcnDividerBlockOuter\"\u003e\r\n        \u003ctr\u003e\r\n            \u003ctd class=\"mcnDividerBlockInner\" style=\"min-width: 100%;padding: 40px 18px 0px;mso-line-height-rule: exactly;-ms-text-size-adjust: 100%;-webkit-text-size-adjust: 100%;\"\u003e\r\n                \u003ctable class=\"mcnDividerContent\" border=\"0\" cellpadding=\"0\" cellspacing=\"0\" width=\"100%\" style=\"min-width: 100%;border-top: 2px none #EAEAEA;border-collapse: collapse;mso-table-lspace: 0pt;mso-table-rspace: 0pt;-ms-text-size-adjust: 100%;-webkit-text-size-adjust: 100%;\"\u003e\r\n                    \u003ctbody\u003e\u003ctr\u003e\r\n                        \u003ctd style=\"mso-line-height-rule: exactly;-ms-text-size-adjust: 100%;-webkit-text-size-adjust: 100%;\"\u003e\r\n                            \u003cspan\u003e\u003c/span\u003e\r\n                        \u003c/td\u003e\r\n                    \u003c/tr\u003e\r\n                \u003c/tbody\u003e\u003c/table\u003e\r\n\u003c!--\r\n                \u003ctd class=\"mcnDividerBlockInner\" style=\"padding: 18px;\"\u003e\r\n                \u003chr class=\"mcnDividerContent\" style=\"border-bottom-color:none; border-left-color:none; border-right-color:none; border-bottom-width:0; border-left-width:0; border-right-width:0; margin-top:0; margin-right:0; margin-bottom:0; margin-left:0;\" /\u003e\r\n--\u003e\r\n            \u003c/td\u003e\r\n        \u003c/tr\u003e\r\n    \u003c/tbody\u003e\r\n\u003c/table\u003e\u003ctable border=\"0\" cellpadding=\"0\" cellspacing=\"0\" width=\"100%\" class=\"mcnTextBlock\" style=\"min-width: 100%;border-collapse: collapse;mso-table-lspace: 0pt;mso-table-rspace: 0pt;-ms-text-size-adjust: 100%;-webkit-text-size-adjust: 100%;\"\u003e\r\n    \u003ctbody class=\"mcnTextBlockOuter\"\u003e\r\n        \u003ctr\u003e\r\n            \u003ctd valign=\"top\" class=\"mcnTextBlockInner\" style=\"padding-top: 9px;mso-line-height-rule: exactly;-ms-text-size-adjust: 100%;-webkit-text-size-adjust: 100%;\"\u003e\r\n              \t\u003c!--[if mso]\u003e\r\n\t\t\t\t\u003ctable align=\"left\" border=\"0\" cellspacing=\"0\" cellpadding=\"0\" width=\"100%\" style=\"width:100%;\"\u003e\r\n\t\t\t\t\u003ctr\u003e\r\n\t\t\t\t\u003c![endif]--\u003e\r\n\t\t\t\r\n\t\t\t\t\u003c!--[if mso]\u003e\r\n\t\t\t\t\u003ctd valign=\"top\" width=\"600\" style=\"width:600px;\"\u003e\r\n\t\t\t\t\u003c![endif]--\u003e\r\n                \u003ctable align=\"left\" border=\"0\" cellpadding=\"0\" cellspacing=\"0\" style=\"max-width: 100%;min-width: 100%;border-collapse: collapse;mso-table-lspace: 0pt;mso-table-rspace: 0pt;-ms-text-size-adjust: 100%;-webkit-text-size-adjust: 100%;\" width=\"100%\" class=\"mcnTextContentContainer\"\u003e\r\n                    \u003ctbody\u003e\u003ctr\u003e\r\n\r\n                        \u003ctd valign=\"top\" class=\"mcnTextContent\" style=\"padding: 0px 18px 9px;color: #37485D;font-family: Arial, \u0026quot;Helvetica Neue\u0026quot;, Helvetica, sans-serif;font-size: 48px;font-style: normal;font-weight: bold;line-height: 125%;text-align: left;mso-line-height-rule: exactly;-ms-text-size-adjust: 100%;-webkit-text-size-adjust: 100%;word-break: break-word;\"\u003e\r\n\r\n                            \u003ch1 class=\"null\" style=\"display: block;margin: 0;padding: 0;color: #37485d;font-family: Helvetica;font-size: 48px;font-style: normal;font-weight: bold;line-height: 125%;letter-spacing: -1px;text-align: left;\"\u003e개발자 커리어 시작을 위한\u003cbr\u003e\r\n스타트업 인턴 프로그램\u003c/h1\u003e\r\n\r\n                        \u003c/td\u003e\r\n                    \u003c/tr\u003e\r\n                \u003c/tbody\u003e\u003c/table\u003e\r\n\t\t\t\t\u003c!--[if mso]\u003e\r\n\t\t\t\t\u003c/td\u003e\r\n\t\t\t\t\u003c![endif]--\u003e\r\n\r\n\t\t\t\t\u003c!--[if mso]\u003e\r\n\t\t\t\t\u003c/tr\u003e\r\n\t\t\t\t\u003c/table\u003e\r\n\t\t\t\t\u003c![endif]--\u003e\r\n            \u003c/td\u003e\r\n        \u003c/tr\u003e\r\n    \u003c/tbody\u003e\r\n\u003c/table\u003e\u003c/td\u003e\r\n                                        \u003c/tr\u003e\r\n                                    \u003c/table\u003e\r\n                                    \u003c!--[if (gte mso 9)|(IE)]\u003e\r\n                                    \u003c/td\u003e\r\n                                    \u003c/tr\u003e\r\n                                    \u003c/table\u003e\r\n                                    \u003c![endif]--\u003e\r\n                                \u003c/td\u003e\r\n                            \u003c/tr\u003e\r\n                            \u003ctr\u003e\r\n                                \u003ctd align=\"center\" valign=\"top\" id=\"templateBody\" data-template-container=\"\" style=\"background:#ffffff none no-repeat center/cover;mso-line-height-rule: exactly;-ms-text-size-adjust: 100%;-webkit-text-size-adjust: 100%;background-color: #ffffff;background-image: none;background-repeat: no-repeat;background-position: center;background-size: cover;border-top: 0;border-bottom: 0;padding-top: 0px;padding-bottom: 0px;\"\u003e\r\n                                    \u003c!--[if (gte mso 9)|(IE)]\u003e\r\n                                    \u003ctable align=\"center\" border=\"0\" cellspacing=\"0\" cellpadding=\"0\" width=\"600\" style=\"width:600px;\"\u003e\r\n                                    \u003ctr\u003e\r\n                                    \u003ctd align=\"center\" valign=\"top\" width=\"600\" style=\"width:600px;\"\u003e\r\n                                    \u003c![endif]--\u003e\r\n                                    \u003ctable align=\"center\" border=\"0\" cellpadding=\"0\" cellspacing=\"0\" width=\"100%\" class=\"templateContainer\" style=\"border-collapse: collapse;mso-table-lspace: 0pt;mso-table-rspace: 0pt;-ms-text-size-adjust: 100%;-webkit-text-size-adjust: 100%;max-width: 600px !important;\"\u003e\r\n                                        \u003ctr\u003e\r\n                                            \u003ctd valign=\"top\" class=\"bodyContainer\" style=\"background:#transparent none no-repeat center/cover;mso-line-height-rule: exactly;-ms-text-size-adjust: 100%;-webkit-text-size-adjust: 100%;background-color: #transparent;background-image: none;background-repeat: no-repeat;background-position: center;background-size: cover;border-top: 0;border-bottom: 0;padding-top: 0;padding-bottom: 0;\"\u003e\u003ctable border=\"0\" cellpadding=\"0\" cellspacing=\"0\" width=\"100%\" class=\"mcnImageBlock\" style=\"min-width: 100%;border-collapse: collapse;mso-table-lspace: 0pt;mso-table-rspace: 0pt;-ms-text-size-adjust: 100%;-webkit-text-size-adjust: 100%;\"\u003e\r\n    \u003ctbody class=\"mcnImageBlockOuter\"\u003e\r\n            \u003ctr\u003e\r\n                \u003ctd valign=\"top\" style=\"padding: 9px;mso-line-height-rule: exactly;-ms-text-size-adjust: 100%;-webkit-text-size-adjust: 100%;\" class=\"mcnImageBlockInner\"\u003e\r\n                    \u003ctable align=\"left\" width=\"100%\" border=\"0\" cellpadding=\"0\" cellspacing=\"0\" class=\"mcnImageContentContainer\" style=\"min-width: 100%;border-collapse: collapse;mso-table-lspace: 0pt;mso-table-rspace: 0pt;-ms-text-size-adjust: 100%;-webkit-text-size-adjust: 100%;\"\u003e\r\n                        \u003ctbody\u003e\u003ctr\u003e\r\n                            \u003ctd class=\"mcnImageContent\" valign=\"top\" style=\"padding-right: 9px;padding-left: 9px;padding-top: 0;padding-bottom: 0;text-align: center;mso-line-height-rule: exactly;-ms-text-size-adjust: 100%;-webkit-text-size-adjust: 100%;\"\u003e\r\n\r\n\r\n                                        \u003cimg align=\"center\" alt=\"\" src=\"https://mcusercontent.com/21baa7fb3ea75aa72fc22aae9/images/6c457019-d449-45d7-9d98-6c6117d2c8fc.png\" width=\"564\" style=\"max-width: 800px;padding-bottom: 0px;vertical-align: bottom;display: inline !important;border: 1px none;border-radius: 0%;height: auto;outline: none;text-decoration: none;-ms-interpolation-mode: bicubic;\" class=\"mcnImage\"\u003e\r\n\r\n\r\n                            \u003c/td\u003e\r\n                        \u003c/tr\u003e\r\n                    \u003c/tbody\u003e\u003c/table\u003e\r\n                \u003c/td\u003e\r\n            \u003c/tr\u003e\r\n    \u003c/tbody\u003e\r\n\u003c/table\u003e\u003ctable border=\"0\" cellpadding=\"0\" cellspacing=\"0\" width=\"100%\" class=\"mcnButtonBlock\" style=\"min-width: 100%;border-collapse: collapse;mso-table-lspace: 0pt;mso-table-rspace: 0pt;-ms-text-size-adjust: 100%;-webkit-text-size-adjust: 100%;\"\u003e\r\n    \u003ctbody class=\"mcnButtonBlockOuter\"\u003e\r\n        \u003ctr\u003e\r\n            \u003ctd style=\"padding-top: 0;padding-right: 18px;padding-bottom: 18px;padding-left: 18px;mso-line-height-rule: exactly;-ms-text-size-adjust: 100%;-webkit-text-size-adjust: 100%;\" valign=\"top\" align=\"left\" class=\"mcnButtonBlockInner\"\u003e\r\n                \u003ctable border=\"0\" cellpadding=\"0\" cellspacing=\"0\" class=\"mcnButtonContentContainer\" style=\"border-collapse: separate !important;border-radius: 3px;background-color: #0078FF;mso-table-lspace: 0pt;mso-table-rspace: 0pt;-ms-text-size-adjust: 100%;-webkit-text-size-adjust: 100%;\"\u003e\r\n                    \u003ctbody\u003e\r\n                        \u003ctr\u003e\r\n                            \u003ctd align=\"center\" valign=\"middle\" class=\"mcnButtonContent\" style=\"font-family: Helvetica;font-size: 16px;padding: 12px;mso-line-height-rule: exactly;-ms-text-size-adjust: 100%;-webkit-text-size-adjust: 100%;\"\u003e\r\n                                \u003ca class=\"mcnButton \" title=\"윈터코딩 자세히 알아보기\" href=\"https://programmers.us3.list-manage.com/track/click?u=21baa7fb3ea75aa72fc22aae9\u0026id=cdc18bad93\u0026e=4440ca559d\" target=\"_blank\" style=\"font-weight: bold;letter-spacing: normal;line-height: 100%;text-align: center;text-decoration: none;color: #FFFFFF;mso-line-height-rule: exactly;-ms-text-size-adjust: 100%;-webkit-text-size-adjust: 100%;display: block;\"\u003e윈터코딩 자세히 알아보기\u003c/a\u003e\r\n                            \u003c/td\u003e\r\n                        \u003c/tr\u003e\r\n                    \u003c/tbody\u003e\r\n                \u003c/table\u003e\r\n            \u003c/td\u003e\r\n        \u003c/tr\u003e\r\n    \u003c/tbody\u003e\r\n\u003c/table\u003e\u003ctable border=\"0\" cellpadding=\"0\" cellspacing=\"0\" width=\"100%\" class=\"mcnTextBlock\" style=\"min-width: 100%;border-collapse: collapse;mso-table-lspace: 0pt;mso-table-rspace: 0pt;-ms-text-size-adjust: 100%;-webkit-text-size-adjust: 100%;\"\u003e\r\n    \u003ctbody class=\"mcnTextBlockOuter\"\u003e\r\n        \u003ctr\u003e\r\n            \u003ctd valign=\"top\" class=\"mcnTextBlockInner\" style=\"padding-top: 9px;mso-line-height-rule: exactly;-ms-text-size-adjust: 100%;-webkit-text-size-adjust: 100%;\"\u003e\r\n              \t\u003c!--[if mso]\u003e\r\n\t\t\t\t\u003ctable align=\"left\" border=\"0\" cellspacing=\"0\" cellpadding=\"0\" width=\"100%\" style=\"width:100%;\"\u003e\r\n\t\t\t\t\u003ctr\u003e\r\n\t\t\t\t\u003c![endif]--\u003e\r\n\t\t\t\r\n\t\t\t\t\u003c!--[if mso]\u003e\r\n\t\t\t\t\u003ctd valign=\"top\" width=\"600\" style=\"width:600px;\"\u003e\r\n\t\t\t\t\u003c![endif]--\u003e\r\n                \u003ctable align=\"left\" border=\"0\" cellpadding=\"0\" cellspacing=\"0\" style=\"max-width: 100%;min-width: 100%;border-collapse: collapse;mso-table-lspace: 0pt;mso-table-rspace: 0pt;-ms-text-size-adjust: 100%;-webkit-text-size-adjust: 100%;\" width=\"100%\" class=\"mcnTextContentContainer\"\u003e\r\n                    \u003ctbody\u003e\u003ctr\u003e\r\n\r\n                        \u003ctd valign=\"top\" class=\"mcnTextContent\" style=\"padding: 0px 18px 9px;line-height: 200%;mso-line-height-rule: exactly;-ms-text-size-adjust: 100%;-webkit-text-size-adjust: 100%;word-break: break-word;color: #4f6b81;font-family: Helvetica;font-size: 16px;text-align: left;\"\u003e\r\n\r\n                            \u003ch3 class=\"null\" style=\"display: block;margin: 0;padding: 0;color: #37485d;font-family: Helvetica;font-size: 22px;font-style: normal;font-weight: bold;line-height: 150%;letter-spacing: normal;text-align: left;\"\u003e\u003cstrong\u003e스타트업 인턴 프로그램,\u0026nbsp;Winter\u0026nbsp;Coding\u003c/strong\u003e\u003c/h3\u003e\r\n\r\n\u003cp style=\"line-height: 200%;margin: 10px 0;padding: 0;mso-line-height-rule: exactly;-ms-text-size-adjust: 100%;-webkit-text-size-adjust: 100%;color: #4f6b81;font-family: Helvetica;font-size: 16px;text-align: left;\"\u003e\u003cbr\u003e\r\nWinter Coding은 학생 개발자, 졸업 후 고민이 많은 개발자, 그리고 신입 개발자도 참여할 수 있는 스타트업 인턴 프로그램입니다. 인턴 입사 후 정직원으로 전환된 사례를 지속적으로 배출하고 있는 이 프로그램을 통해 개발자 커리어를 시작해보세요!\u003cbr\u003e\r\n\u003cbr\u003e\r\n\u003cstrong\u003e지원 자격\u003c/strong\u003e\u003c/p\u003e\r\n\r\n\u003cul\u003e\r\n\t\u003cli style=\"mso-line-height-rule: exactly;-ms-text-size-adjust: 100%;-webkit-text-size-adjust: 100%;\"\u003e참여 대상: 2021년 2월 졸업 예정 또는 2021년 8월 이내 졸업을 앞둔 대학(원)생\u003c/li\u003e\r\n\t\u003cli style=\"mso-line-height-rule: exactly;-ms-text-size-adjust: 100%;-webkit-text-size-adjust: 100%;\"\u003e기졸업자의 경우, 취업 준비 중이거나 경력 2년 미만의 개발자\u003c/li\u003e\r\n\t\u003cli style=\"mso-line-height-rule: exactly;-ms-text-size-adjust: 100%;-webkit-text-size-adjust: 100%;\"\u003e2020년 12월 말 ~ 2021년 2월 말까지 근무 가능한 개발자(기업별 근무 일정에 차이가 있을 수 있습니다)\u003c/li\u003e\r\n\u003c/ul\u003e\r\n\r\n\u003cp style=\"line-height: 200%;margin: 10px 0;padding: 0;mso-line-height-rule: exactly;-ms-text-size-adjust: 100%;-webkit-text-size-adjust: 100%;color: #4f6b81;font-family: Helvetica;font-size: 16px;text-align: left;\"\u003e\u003cstrong\u003e전형 일정\u003c/strong\u003e\u003c/p\u003e\r\n\r\n\u003cul\u003e\r\n\t\u003cli style=\"mso-line-height-rule: exactly;-ms-text-size-adjust: 100%;-webkit-text-size-adjust: 100%;\"\u003e\u003cstrong\u003e10.30(금) 17시\u003c/strong\u003e : 접수 마감\u003c/li\u003e\r\n\t\u003cli style=\"mso-line-height-rule: exactly;-ms-text-size-adjust: 100%;-webkit-text-size-adjust: 100%;\"\u003e\u003cstrong\u003e10.31(토) 14시 - 16시\u003c/strong\u003e : 온라인 코딩 테스트\u003c/li\u003e\r\n\t\u003cli style=\"mso-line-height-rule: exactly;-ms-text-size-adjust: 100%;-webkit-text-size-adjust: 100%;\"\u003e\u003cstrong\u003e11.3(화) ~ 12.18(금) \u003c/strong\u003e: 기업별 서류 검토 및 면접\u003c/li\u003e\r\n\u003c/ul\u003e\r\n\r\n                        \u003c/td\u003e\r\n                    \u003c/tr\u003e\r\n                \u003c/tbody\u003e\u003c/table\u003e\r\n\t\t\t\t\u003c!--[if mso]\u003e\r\n\t\t\t\t\u003c/td\u003e\r\n\t\t\t\t\u003c![endif]--\u003e\r\n\r\n\t\t\t\t\u003c!--[if mso]\u003e\r\n\t\t\t\t\u003c/tr\u003e\r\n\t\t\t\t\u003c/table\u003e\r\n\t\t\t\t\u003c![endif]--\u003e\r\n            \u003c/td\u003e\r\n        \u003c/tr\u003e\r\n    \u003c/tbody\u003e\r\n\u003c/table\u003e\u003ctable border=\"0\" cellpadding=\"0\" cellspacing=\"0\" width=\"100%\" class=\"mcnDividerBlock\" style=\"min-width: 100%;border-collapse: collapse;mso-table-lspace: 0pt;mso-table-rspace: 0pt;-ms-text-size-adjust: 100%;-webkit-text-size-adjust: 100%;table-layout: fixed !important;\"\u003e\r\n    \u003ctbody class=\"mcnDividerBlockOuter\"\u003e\r\n        \u003ctr\u003e\r\n            \u003ctd class=\"mcnDividerBlockInner\" style=\"min-width: 100%;padding: 48px 18px;mso-line-height-rule: exactly;-ms-text-size-adjust: 100%;-webkit-text-size-adjust: 100%;\"\u003e\r\n                \u003ctable class=\"mcnDividerContent\" border=\"0\" cellpadding=\"0\" cellspacing=\"0\" width=\"100%\" style=\"min-width: 100%;border-top: 1px solid #D7E2EB;border-collapse: collapse;mso-table-lspace: 0pt;mso-table-rspace: 0pt;-ms-text-size-adjust: 100%;-webkit-text-size-adjust: 100%;\"\u003e\r\n                    \u003ctbody\u003e\u003ctr\u003e\r\n                        \u003ctd style=\"mso-line-height-rule: exactly;-ms-text-size-adjust: 100%;-webkit-text-size-adjust: 100%;\"\u003e\r\n                            \u003cspan\u003e\u003c/span\u003e\r\n                        \u003c/td\u003e\r\n                    \u003c/tr\u003e\r\n                \u003c/tbody\u003e\u003c/table\u003e\r\n\u003c!--\r\n                \u003ctd class=\"mcnDividerBlockInner\" style=\"padding: 18px;\"\u003e\r\n                \u003chr class=\"mcnDividerContent\" style=\"border-bottom-color:none; border-left-color:none; border-right-color:none; border-bottom-width:0; border-left-width:0; border-right-width:0; margin-top:0; margin-right:0; margin-bottom:0; margin-left:0;\" /\u003e\r\n--\u003e\r\n            \u003c/td\u003e\r\n        \u003c/tr\u003e\r\n    \u003c/tbody\u003e\r\n\u003c/table\u003e\u003ctable border=\"0\" cellpadding=\"0\" cellspacing=\"0\" width=\"100%\" class=\"mcnTextBlock\" style=\"min-width: 100%;border-collapse: collapse;mso-table-lspace: 0pt;mso-table-rspace: 0pt;-ms-text-size-adjust: 100%;-webkit-text-size-adjust: 100%;\"\u003e\r\n    \u003ctbody class=\"mcnTextBlockOuter\"\u003e\r\n        \u003ctr\u003e\r\n            \u003ctd valign=\"top\" class=\"mcnTextBlockInner\" style=\"padding-top: 9px;mso-line-height-rule: exactly;-ms-text-size-adjust: 100%;-webkit-text-size-adjust: 100%;\"\u003e\r\n              \t\u003c!--[if mso]\u003e\r\n\t\t\t\t\u003ctable align=\"left\" border=\"0\" cellspacing=\"0\" cellpadding=\"0\" width=\"100%\" style=\"width:100%;\"\u003e\r\n\t\t\t\t\u003ctr\u003e\r\n\t\t\t\t\u003c![endif]--\u003e\r\n\t\t\t\r\n\t\t\t\t\u003c!--[if mso]\u003e\r\n\t\t\t\t\u003ctd valign=\"top\" width=\"600\" style=\"width:600px;\"\u003e\r\n\t\t\t\t\u003c![endif]--\u003e\r\n                \u003ctable align=\"left\" border=\"0\" cellpadding=\"0\" cellspacing=\"0\" style=\"max-width: 100%;min-width: 100%;border-collapse: collapse;mso-table-lspace: 0pt;mso-table-rspace: 0pt;-ms-text-size-adjust: 100%;-webkit-text-size-adjust: 100%;\" width=\"100%\" class=\"mcnTextContentContainer\"\u003e\r\n                    \u003ctbody\u003e\u003ctr\u003e\r\n\r\n                        \u003ctd valign=\"top\" class=\"mcnTextContent\" style=\"padding-top: 0;padding-right: 18px;padding-bottom: 9px;padding-left: 18px;mso-line-height-rule: exactly;-ms-text-size-adjust: 100%;-webkit-text-size-adjust: 100%;word-break: break-word;color: #4f6b81;font-family: Helvetica;font-size: 16px;line-height: 150%;text-align: left;\"\u003e\r\n\r\n                            \u003ch3 class=\"null\" style=\"display: block;margin: 0;padding: 0;color: #37485d;font-family: Helvetica;font-size: 22px;font-style: normal;font-weight: bold;line-height: 150%;letter-spacing: normal;text-align: left;\"\u003e12개의 스타트업에서 인턴 개발자를 찾고 있습니다.\u003c/h3\u003e\r\n\r\n                        \u003c/td\u003e\r\n                    \u003c/tr\u003e\r\n                \u003c/tbody\u003e\u003c/table\u003e\r\n\t\t\t\t\u003c!--[if mso]\u003e\r\n\t\t\t\t\u003c/td\u003e\r\n\t\t\t\t\u003c![endif]--\u003e\r\n\r\n\t\t\t\t\u003c!--[if mso]\u003e\r\n\t\t\t\t\u003c/tr\u003e\r\n\t\t\t\t\u003c/table\u003e\r\n\t\t\t\t\u003c![endif]--\u003e\r\n            \u003c/td\u003e\r\n        \u003c/tr\u003e\r\n    \u003c/tbody\u003e\r\n\u003c/table\u003e\u003ctable border=\"0\" cellpadding=\"0\" cellspacing=\"0\" width=\"100%\" class=\"mcnTextBlock\" style=\"min-width: 100%;border-collapse: collapse;mso-table-lspace: 0pt;mso-table-rspace: 0pt;-ms-text-size-adjust: 100%;-webkit-text-size-adjust: 100%;\"\u003e\r\n    \u003ctbody class=\"mcnTextBlockOuter\"\u003e\r\n        \u003ctr\u003e\r\n            \u003ctd valign=\"top\" class=\"mcnTextBlockInner\" style=\"padding-top: 9px;mso-line-height-rule: exactly;-ms-text-size-adjust: 100%;-webkit-text-size-adjust: 100%;\"\u003e\r\n              \t\u003c!--[if mso]\u003e\r\n\t\t\t\t\u003ctable align=\"left\" border=\"0\" cellspacing=\"0\" cellpadding=\"0\" width=\"100%\" style=\"width:100%;\"\u003e\r\n\t\t\t\t\u003ctr\u003e\r\n\t\t\t\t\u003c![endif]--\u003e\r\n\t\t\t\r\n\t\t\t\t\u003c!--[if mso]\u003e\r\n\t\t\t\t\u003ctd valign=\"top\" width=\"600\" style=\"width:600px;\"\u003e\r\n\t\t\t\t\u003c![endif]--\u003e\r\n                \u003ctable align=\"left\" border=\"0\" cellpadding=\"0\" cellspacing=\"0\" style=\"max-width: 100%;min-width: 100%;border-collapse: collapse;mso-table-lspace: 0pt;mso-table-rspace: 0pt;-ms-text-size-adjust: 100%;-webkit-text-size-adjust: 100%;\" width=\"100%\" class=\"mcnTextContentContainer\"\u003e\r\n                    \u003ctbody\u003e\u003ctr\u003e\r\n\r\n                        \u003ctd valign=\"top\" class=\"mcnTextContent\" style=\"padding-top: 0;padding-right: 18px;padding-bottom: 9px;padding-left: 18px;mso-line-height-rule: exactly;-ms-text-size-adjust: 100%;-webkit-text-size-adjust: 100%;word-break: break-word;color: #4f6b81;font-family: Helvetica;font-size: 16px;line-height: 150%;text-align: left;\"\u003e\r\n\r\n                            이번 Winter Coding을 통해서 웹 개발자, 데이터 엔지니어, 앱 개발자 등 다양한 포지션으로 팀에 합류할 수 있습니다.\u0026nbsp;\u003cspan style=\"color:#000000\"\u003e\u003cstrong\u003e인턴 개발자 지원은 Winter Coding 페이지에서 접수한 경우만 유효한 점\u003c/strong\u003e\u003c/span\u003e\u003cspan style=\"color:#008000\"\u003e\u0026nbsp;\u003c/span\u003e꼭 숙지하세요.\u003cbr\u003e\r\n\u003cbr\u003e\r\n\u003cstrong\u003e참여 기업\u003c/strong\u003e : 가우디오랩, 당근마켓, 띵스플로우, 라인웍스, 레이니스트, 미리디, 엑소시스템즈, 웨이투빗, 조아라,파운트, 프렌트립, 플랫팜\r\n                        \u003c/td\u003e\r\n                    \u003c/tr\u003e\r\n                \u003c/tbody\u003e\u003c/table\u003e\r\n\t\t\t\t\u003c!--[if mso]\u003e\r\n\t\t\t\t\u003c/td\u003e\r\n\t\t\t\t\u003c![endif]--\u003e\r\n\r\n\t\t\t\t\u003c!--[if mso]\u003e\r\n\t\t\t\t\u003c/tr\u003e\r\n\t\t\t\t\u003c/table\u003e\r\n\t\t\t\t\u003c![endif]--\u003e\r\n            \u003c/td\u003e\r\n        \u003c/tr\u003e\r\n    \u003c/tbody\u003e\r\n\u003c/table\u003e\u003ctable border=\"0\" cellpadding=\"0\" cellspacing=\"0\" width=\"100%\" class=\"mcnButtonBlock\" style=\"min-width: 100%;border-collapse: collapse;mso-table-lspace: 0pt;mso-table-rspace: 0pt;-ms-text-size-adjust: 100%;-webkit-text-size-adjust: 100%;\"\u003e\r\n    \u003ctbody class=\"mcnButtonBlockOuter\"\u003e\r\n        \u003ctr\u003e\r\n            \u003ctd style=\"padding-top: 0;padding-right: 18px;padding-bottom: 18px;padding-left: 18px;mso-line-height-rule: exactly;-ms-text-size-adjust: 100%;-webkit-text-size-adjust: 100%;\" valign=\"top\" align=\"left\" class=\"mcnButtonBlockInner\"\u003e\r\n                \u003ctable border=\"0\" cellpadding=\"0\" cellspacing=\"0\" class=\"mcnButtonContentContainer\" style=\"border-collapse: separate !important;border-radius: 3px;background-color: #0078FF;mso-table-lspace: 0pt;mso-table-rspace: 0pt;-ms-text-size-adjust: 100%;-webkit-text-size-adjust: 100%;\"\u003e\r\n                    \u003ctbody\u003e\r\n                        \u003ctr\u003e\r\n                            \u003ctd align=\"center\" valign=\"middle\" class=\"mcnButtonContent\" style=\"font-family: Helvetica;font-size: 16px;padding: 12px;mso-line-height-rule: exactly;-ms-text-size-adjust: 100%;-webkit-text-size-adjust: 100%;\"\u003e\r\n                                \u003ca class=\"mcnButton \" title=\"윈터코딩 접수하기\" href=\"https://programmers.us3.list-manage.com/track/click?u=21baa7fb3ea75aa72fc22aae9\u0026id=6f72706402\u0026e=4440ca559d\" target=\"_blank\" style=\"font-weight: bold;letter-spacing: normal;line-height: 100%;text-align: center;text-decoration: none;color: #FFFFFF;mso-line-height-rule: exactly;-ms-text-size-adjust: 100%;-webkit-text-size-adjust: 100%;display: block;\"\u003e윈터코딩 접수하기\u003c/a\u003e\r\n                            \u003c/td\u003e\r\n                        \u003c/tr\u003e\r\n                    \u003c/tbody\u003e\r\n                \u003c/table\u003e\r\n            \u003c/td\u003e\r\n        \u003c/tr\u003e\r\n    \u003c/tbody\u003e\r\n\u003c/table\u003e\u003c/td\u003e\r\n                                        \u003c/tr\u003e\r\n                                    \u003c/table\u003e\r\n                                    \u003c!--[if (gte mso 9)|(IE)]\u003e\r\n                                    \u003c/td\u003e\r\n                                    \u003c/tr\u003e\r\n                                    \u003c/table\u003e\r\n                                    \u003c![endif]--\u003e\r\n                                \u003c/td\u003e\r\n                            \u003c/tr\u003e\r\n                            \u003ctr\u003e\r\n                                \u003ctd align=\"center\" valign=\"top\" id=\"templateFooter\" data-template-container=\"\" style=\"background:#ffffff none no-repeat center/cover;mso-line-height-rule: exactly;-ms-text-size-adjust: 100%;-webkit-text-size-adjust: 100%;background-color: #ffffff;background-image: none;background-repeat: no-repeat;background-position: center;background-size: cover;border-top: 1px none #d7e2eb;border-bottom: 0;padding-top: 80px;padding-bottom: 80px;\"\u003e\r\n                                    \u003c!--[if (gte mso 9)|(IE)]\u003e\r\n                                    \u003ctable align=\"center\" border=\"0\" cellspacing=\"0\" cellpadding=\"0\" width=\"600\" style=\"width:600px;\"\u003e\r\n                                    \u003ctr\u003e\r\n                                    \u003ctd align=\"center\" valign=\"top\" width=\"600\" style=\"width:600px;\"\u003e\r\n                                    \u003c![endif]--\u003e\r\n                                    \u003ctable align=\"center\" border=\"0\" cellpadding=\"0\" cellspacing=\"0\" width=\"100%\" class=\"templateContainer\" style=\"border-collapse: collapse;mso-table-lspace: 0pt;mso-table-rspace: 0pt;-ms-text-size-adjust: 100%;-webkit-text-size-adjust: 100%;max-width: 600px !important;\"\u003e\r\n                                        \u003ctr\u003e\r\n                                            \u003ctd valign=\"top\" class=\"footerContainer\" style=\"background:#transparent none no-repeat center/cover;mso-line-height-rule: exactly;-ms-text-size-adjust: 100%;-webkit-text-size-adjust: 100%;background-color: #transparent;background-image: none;background-repeat: no-repeat;background-position: center;background-size: cover;border-top: 0;border-bottom: 0;padding-top: 0;padding-bottom: 0;\"\u003e\u003ctable border=\"0\" cellpadding=\"0\" cellspacing=\"0\" width=\"100%\" class=\"mcnDividerBlock\" style=\"min-width: 100%;border-collapse: collapse;mso-table-lspace: 0pt;mso-table-rspace: 0pt;-ms-text-size-adjust: 100%;-webkit-text-size-adjust: 100%;table-layout: fixed !important;\"\u003e\r\n    \u003ctbody class=\"mcnDividerBlockOuter\"\u003e\r\n        \u003ctr\u003e\r\n            \u003ctd class=\"mcnDividerBlockInner\" style=\"min-width: 100%;padding: 40px 18px 0px;mso-line-height-rule: exactly;-ms-text-size-adjust: 100%;-webkit-text-size-adjust: 100%;\"\u003e\r\n                \u003ctable class=\"mcnDividerContent\" border=\"0\" cellpadding=\"0\" cellspacing=\"0\" width=\"100%\" style=\"min-width: 100%;border-top: 2px none #EAEAEA;border-collapse: collapse;mso-table-lspace: 0pt;mso-table-rspace: 0pt;-ms-text-size-adjust: 100%;-webkit-text-size-adjust: 100%;\"\u003e\r\n                    \u003ctbody\u003e\u003ctr\u003e\r\n                        \u003ctd style=\"mso-line-height-rule: exactly;-ms-text-size-adjust: 100%;-webkit-text-size-adjust: 100%;\"\u003e\r\n                            \u003cspan\u003e\u003c/span\u003e\r\n                        \u003c/td\u003e\r\n                    \u003c/tr\u003e\r\n                \u003c/tbody\u003e\u003c/table\u003e\r\n\u003c!--\r\n                \u003ctd class=\"mcnDividerBlockInner\" style=\"padding: 18px;\"\u003e\r\n                \u003chr class=\"mcnDividerContent\" style=\"border-bottom-color:none; border-left-color:none; border-right-color:none; border-bottom-width:0; border-left-width:0; border-right-width:0; margin-top:0; margin-right:0; margin-bottom:0; margin-left:0;\" /\u003e\r\n--\u003e\r\n            \u003c/td\u003e\r\n        \u003c/tr\u003e\r\n    \u003c/tbody\u003e\r\n\u003c/table\u003e\u003ctable border=\"0\" cellpadding=\"0\" cellspacing=\"0\" width=\"100%\" class=\"mcnCodeBlock\" style=\"border-collapse: collapse;mso-table-lspace: 0pt;mso-table-rspace: 0pt;-ms-text-size-adjust: 100%;-webkit-text-size-adjust: 100%;\"\u003e\r\n    \u003ctbody class=\"mcnTextBlockOuter\"\u003e\r\n        \u003ctr\u003e\r\n            \u003ctd valign=\"top\" class=\"mcnTextBlockInner\" style=\"mso-line-height-rule: exactly;-ms-text-size-adjust: 100%;-webkit-text-size-adjust: 100%;\"\u003e\r\n                \u003cdiv class=\"mcnTextContent\" style=\"padding: 0 16px;word-break: break-word;color: #5f7f90;font-family: Helvetica;font-size: 12px;line-height: 150%;text-align: left;\"\u003e\r\n  \u003ctable style=\"margin-top: 4px;width: 100%;border-collapse: collapse !important;mso-table-lspace: 0pt;mso-table-rspace: 0pt;-ms-text-size-adjust: 100%;-webkit-text-size-adjust: 100%;\"\u003e\r\n    \u003cthead\u003e\r\n    \u003ctr\u003e\r\n      \u003cth colspan=\"3\" style=\"padding: 0 0 8px 0;\"\u003e\r\n        \u003ch5 style=\"font-size: 14px;color: #263747;display: block;margin: 0;padding: 0;\"\u003e프로그래머스가 커리어의 성장을 함께 합니다.\u003c/h5\u003e\r\n      \u003c/th\u003e\r\n    \u003c/tr\u003e\r\n    \u003c/thead\u003e\r\n\r\n    \u003ctbody\u003e\r\n    \u003ctr\u003e\r\n      \u003ctd style=\"padding: 16px 0;border-top: 1px solid #d7e2eb;width: 40px;vertical-align: middle;mso-line-height-rule: exactly;-ms-text-size-adjust: 100%;-webkit-text-size-adjust: 100%;\"\u003e\r\n        \u003cimg src=\"https://grepp-cloudfront.s3.ap-northeast-2.amazonaws.com/programmers_imgs/email/img-3.png\" style=\"width: 40px;height: 40px;border: 0;outline: none;text-decoration: none;-ms-interpolation-mode: bicubic;\" alt=\"개발자 채용 공고 이미지\"\u003e\r\n      \u003c/td\u003e\r\n      \u003ctd style=\"padding: 16px 24px;border-top: 1px solid #d7e2eb;vertical-align: middle;mso-line-height-rule: exactly;-ms-text-size-adjust: 100%;-webkit-text-size-adjust: 100%;\"\u003e\r\n        \u003ch6 style=\"font-size: 13px;line-height: 1.6;display: block;margin: 0;padding: 0;\"\u003e취업/이직을 고민하고 있다면, 내 기술 스택에 맞는 채용 포지션을 확인해보세요.\u003c/h6\u003e\r\n      \u003c/td\u003e\r\n      \u003ctd style=\"text-align: center;width: 140px;padding: 16px 0;border-top: 1px solid #d7e2eb;vertical-align: middle;mso-line-height-rule: exactly;-ms-text-size-adjust: 100%;-webkit-text-size-adjust: 100%;\"\u003e\r\n        \u003ca href=\"https://programmers.us3.list-manage.com/track/click?u=21baa7fb3ea75aa72fc22aae9\u0026id=525af3efaf\u0026e=4440ca559d\" style=\"color: white;display: block;text-decoration: none;font-size: 12px;border-radius: 3px;background-color: #0078FF;padding: 2px 8px;border: none;mso-line-height-rule: exactly;-ms-text-size-adjust: 100%;-webkit-text-size-adjust: 100%;font-weight: bold;\"\u003e\r\n          개발자 채용 공고\r\n        \u003c/a\u003e\r\n      \u003c/td\u003e\r\n    \u003c/tr\u003e\r\n    \u003ctr\u003e\r\n      \u003ctd style=\"padding: 16px 0;border-top: 1px solid #d7e2eb;width: 40px;vertical-align: middle;mso-line-height-rule: exactly;-ms-text-size-adjust: 100%;-webkit-text-size-adjust: 100%;\"\u003e\r\n        \u003cimg src=\"https://grepp-cloudfront.s3.ap-northeast-2.amazonaws.com/programmers_imgs/email/img-2.png\" style=\"width: 40px;height: 40px;border: 0;outline: none;text-decoration: none;-ms-interpolation-mode: bicubic;\" alt=\"스킬 체크 이미지\"\u003e\r\n      \u003c/td\u003e\r\n      \u003ctd style=\"padding: 16px 24px;border-top: 1px solid #d7e2eb;vertical-align: middle;mso-line-height-rule: exactly;-ms-text-size-adjust: 100%;-webkit-text-size-adjust: 100%;\"\u003e\r\n        \u003ch6 style=\"font-size: 13px;line-height: 1.6;display: block;margin: 0;padding: 0;\"\u003e\r\n          레벨 1부터 레벨 5까지 프로그래밍 문제를 풀면서 내 실력을 점검해보세요.\r\n        \u003c/h6\u003e\r\n      \u003c/td\u003e\r\n      \u003ctd style=\"text-align: center;width: 140px;padding: 16px 0;border-top: 1px solid #d7e2eb;vertical-align: middle;mso-line-height-rule: exactly;-ms-text-size-adjust: 100%;-webkit-text-size-adjust: 100%;\"\u003e\r\n        \u003ca href=\"https://programmers.us3.list-manage.com/track/click?u=21baa7fb3ea75aa72fc22aae9\u0026id=f2b984b58b\u0026e=4440ca559d\" style=\"color: white;display: block;text-decoration: none;font-size: 12px;border-radius: 3px;background-color: #0078FF;padding: 2px 8px;border: none;mso-line-height-rule: exactly;-ms-text-size-adjust: 100%;-webkit-text-size-adjust: 100%;font-weight: bold;\"\u003e\r\n          프로그래밍 스킬 체크\r\n        \u003c/a\u003e\r\n      \u003c/td\u003e\r\n    \u003c/tr\u003e\r\n    \u003ctr\u003e\r\n      \u003ctd style=\"padding: 16px 0;border-top: 1px solid #d7e2eb;width: 40px;vertical-align: middle;mso-line-height-rule: exactly;-ms-text-size-adjust: 100%;-webkit-text-size-adjust: 100%;\"\u003e\r\n        \u003cimg src=\"https://grepp-cloudfront.s3.ap-northeast-2.amazonaws.com/programmers_imgs/email/img-1.png\" style=\"width: 40px;height: 40px;border: 0;outline: none;text-decoration: none;-ms-interpolation-mode: bicubic;\" alt=\"개발자 채용 공고 이미지\"\u003e\r\n      \u003c/td\u003e\r\n      \u003ctd style=\"padding: 16px 24px;border-top: 1px solid #d7e2eb;vertical-align: middle;mso-line-height-rule: exactly;-ms-text-size-adjust: 100%;-webkit-text-size-adjust: 100%;\"\u003e\r\n        \u003ch6 style=\"font-size: 13px;line-height: 1.6;display: block;margin: 0;padding: 0;\"\u003e\r\n          코딩테스트 고득점 Kit부터 SQL 고득점 Kit까지! 다양한 실전 문제를 풀어보세요.\r\n        \u003c/h6\u003e\r\n      \u003c/td\u003e\r\n      \u003ctd style=\"text-align: center;width: 140px;padding: 16px 0;border-top: 1px solid #d7e2eb;vertical-align: middle;mso-line-height-rule: exactly;-ms-text-size-adjust: 100%;-webkit-text-size-adjust: 100%;\"\u003e\r\n        \u003ca href=\"https://programmers.us3.list-manage.com/track/click?u=21baa7fb3ea75aa72fc22aae9\u0026id=739d7e087a\u0026e=4440ca559d\" style=\"color: white;display: block;text-decoration: none;font-size: 12px;border-radius: 3px;background-color: #0078FF;padding: 2px 8px;border: none;mso-line-height-rule: exactly;-ms-text-size-adjust: 100%;-webkit-text-size-adjust: 100%;font-weight: bold;\"\u003e\r\n          코딩테스트 연습\r\n        \u003c/a\u003e\r\n      \u003c/td\u003e\r\n    \u003c/tr\u003e\r\n    \u003ctr\u003e\r\n      \u003ctd style=\"padding: 16px 0;border-top: 1px solid #d7e2eb;border-bottom: 1px solid #d7e2eb;width: 40px;vertical-align: middle;mso-line-height-rule: exactly;-ms-text-size-adjust: 100%;-webkit-text-size-adjust: 100%;\"\u003e\r\n        \u003cimg src=\"https://grepp-cloudfront.s3.ap-northeast-2.amazonaws.com/programmers_imgs/email/img-4.png\" style=\"width: 40px;height: 40px;border: 0;outline: none;text-decoration: none;-ms-interpolation-mode: bicubic;\" alt=\"개발자 채용 공고 이미지\"\u003e\r\n      \u003c/td\u003e\r\n      \u003ctd style=\"padding: 16px 24px;border-top: 1px solid #d7e2eb;border-bottom: 1px solid #d7e2eb;vertical-align: middle;mso-line-height-rule: exactly;-ms-text-size-adjust: 100%;-webkit-text-size-adjust: 100%;\"\u003e\r\n        \u003ch6 style=\"font-size: 13px;line-height: 1.6;display: block;margin: 0;padding: 0;\"\u003e\r\n          코드리뷰 중심의 온라인 스터디를 시작해보세요.\r\n        \u003c/h6\u003e\r\n      \u003c/td\u003e\r\n      \u003ctd style=\"text-align: center;width: 140px;padding: 16px 0;border-top: 1px solid #d7e2eb;border-bottom: 1px solid #d7e2eb;vertical-align: middle;mso-line-height-rule: exactly;-ms-text-size-adjust: 100%;-webkit-text-size-adjust: 100%;\"\u003e\r\n        \u003ca href=\"https://programmers.us3.list-manage.com/track/click?u=21baa7fb3ea75aa72fc22aae9\u0026id=fc50842003\u0026e=4440ca559d\" style=\"color: white;display: block;text-decoration: none;font-size: 12px;border-radius: 3px;background-color: #0078FF;padding: 2px 8px;border: none;mso-line-height-rule: exactly;-ms-text-size-adjust: 100%;-webkit-text-size-adjust: 100%;font-weight: bold;\"\u003e\r\n          프로그래밍 강의\r\n        \u003c/a\u003e\r\n      \u003c/td\u003e\r\n    \u003c/tr\u003e\r\n    \u003c/tbody\u003e\r\n  \u003c/table\u003e\r\n\u003c/div\u003e\r\n            \u003c/td\u003e\r\n        \u003c/tr\u003e\r\n    \u003c/tbody\u003e\r\n\u003c/table\u003e\u003ctable border=\"0\" cellpadding=\"0\" cellspacing=\"0\" width=\"100%\" class=\"mcnDividerBlock\" style=\"min-width: 100%;border-collapse: collapse;mso-table-lspace: 0pt;mso-table-rspace: 0pt;-ms-text-size-adjust: 100%;-webkit-text-size-adjust: 100%;table-layout: fixed !important;\"\u003e\r\n    \u003ctbody class=\"mcnDividerBlockOuter\"\u003e\r\n        \u003ctr\u003e\r\n            \u003ctd class=\"mcnDividerBlockInner\" style=\"min-width: 100%;padding: 64px 18px 0px;mso-line-height-rule: exactly;-ms-text-size-adjust: 100%;-webkit-text-size-adjust: 100%;\"\u003e\r\n                \u003ctable class=\"mcnDividerContent\" border=\"0\" cellpadding=\"0\" cellspacing=\"0\" width=\"100%\" style=\"min-width: 100%;border-collapse: collapse;mso-table-lspace: 0pt;mso-table-rspace: 0pt;-ms-text-size-adjust: 100%;-webkit-text-size-adjust: 100%;\"\u003e\r\n                    \u003ctbody\u003e\u003ctr\u003e\r\n                        \u003ctd style=\"mso-line-height-rule: exactly;-ms-text-size-adjust: 100%;-webkit-text-size-adjust: 100%;\"\u003e\r\n                            \u003cspan\u003e\u003c/span\u003e\r\n                        \u003c/td\u003e\r\n                    \u003c/tr\u003e\r\n                \u003c/tbody\u003e\u003c/table\u003e\r\n\u003c!--\r\n                \u003ctd class=\"mcnDividerBlockInner\" style=\"padding: 18px;\"\u003e\r\n                \u003chr class=\"mcnDividerContent\" style=\"border-bottom-color:none; border-left-color:none; border-right-color:none; border-bottom-width:0; border-left-width:0; border-right-width:0; margin-top:0; margin-right:0; margin-bottom:0; margin-left:0;\" /\u003e\r\n--\u003e\r\n            \u003c/td\u003e\r\n        \u003c/tr\u003e\r\n    \u003c/tbody\u003e\r\n\u003c/table\u003e\u003ctable border=\"0\" cellpadding=\"0\" cellspacing=\"0\" width=\"100%\" class=\"mcnTextBlock\" style=\"min-width: 100%;border-collapse: collapse;mso-table-lspace: 0pt;mso-table-rspace: 0pt;-ms-text-size-adjust: 100%;-webkit-text-size-adjust: 100%;\"\u003e\r\n    \u003ctbody class=\"mcnTextBlockOuter\"\u003e\r\n        \u003ctr\u003e\r\n            \u003ctd valign=\"top\" class=\"mcnTextBlockInner\" style=\"padding-top: 9px;mso-line-height-rule: exactly;-ms-text-size-adjust: 100%;-webkit-text-size-adjust: 100%;\"\u003e\r\n              \t\u003c!--[if mso]\u003e\r\n\t\t\t\t\u003ctable align=\"left\" border=\"0\" cellspacing=\"0\" cellpadding=\"0\" width=\"100%\" style=\"width:100%;\"\u003e\r\n\t\t\t\t\u003ctr\u003e\r\n\t\t\t\t\u003c![endif]--\u003e\r\n\t\t\t\r\n\t\t\t\t\u003c!--[if mso]\u003e\r\n\t\t\t\t\u003ctd valign=\"top\" width=\"600\" style=\"width:600px;\"\u003e\r\n\t\t\t\t\u003c![endif]--\u003e\r\n                \u003ctable align=\"left\" border=\"0\" cellpadding=\"0\" cellspacing=\"0\" style=\"max-width: 100%;min-width: 100%;border-collapse: collapse;mso-table-lspace: 0pt;mso-table-rspace: 0pt;-ms-text-size-adjust: 100%;-webkit-text-size-adjust: 100%;\" width=\"100%\" class=\"mcnTextContentContainer\"\u003e\r\n                    \u003ctbody\u003e\u003ctr\u003e\r\n\r\n                        \u003ctd valign=\"top\" class=\"mcnTextContent\" style=\"padding: 0px 18px 9px;color: #7890A0;font-size: 12px;text-align: left;mso-line-height-rule: exactly;-ms-text-size-adjust: 100%;-webkit-text-size-adjust: 100%;word-break: break-word;font-family: Helvetica;line-height: 150%;\"\u003e\r\n\r\n                            \u003cspan style=\"font-size:14px\"\u003e\u003cstrong\u003e\u003cspan style=\"color:#263747\"\u003e개발자 채용 문화를 새롭게 만들어가는\u0026nbsp;\u003c/span\u003e\u003ca href=\"https://programmers.us3.list-manage.com/track/click?u=21baa7fb3ea75aa72fc22aae9\u0026id=f097b4b91c\u0026e=4440ca559d\" target=\"_blank\" style=\"mso-line-height-rule: exactly;-ms-text-size-adjust: 100%;-webkit-text-size-adjust: 100%;color: #44576c;font-weight: bold;text-decoration: none;\"\u003e\u003cspan style=\"color:#0078FF\"\u003e프로그래머스\u003c/span\u003e\u003c/a\u003e\u003cspan style=\"color:#263747\"\u003e\u0026nbsp;입니다.\u003c/span\u003e\u003c/strong\u003e\u003c/span\u003e\u003cbr\u003e\r\n\u003cbr\u003e\r\nCopyright © Programmers, All rights reserved.\u003cbr\u003e\r\n본 이메일은 프로그래머스 뉴스레터 수신을 동의한 분들께 발송되는 이메일입니다.\u003cbr\u003e\r\n서울특별시 강남구 테헤란로 151, 510호(역삼동, 역삼하이츠빌딩) | 02-539-1882\u003cbr\u003e\r\n\u003cbr\u003e\r\n\u003cspan style=\"font-size:14px\"\u003e더 이상 이메일 수신을 원하지 않으실 경우\u0026nbsp;\u003ca href=\"https://programmers.us3.list-manage.com/unsubscribe?u=21baa7fb3ea75aa72fc22aae9\u0026id=804bbcaf57\u0026e=4440ca559d\u0026c=c053290a95\" style=\"mso-line-height-rule: exactly;-ms-text-size-adjust: 100%;-webkit-text-size-adjust: 100%;color: #44576c;font-weight: bold;text-decoration: none;\"\u003e수신거부\u003c/a\u003e를 클릭해주세요.\u0026nbsp;\u003cbr\u003e\r\nIf you don't want to receive this e-mail anymore, \u003ca href=\"https://programmers.us3.list-manage.com/unsubscribe?u=21baa7fb3ea75aa72fc22aae9\u0026id=804bbcaf57\u0026e=4440ca559d\u0026c=c053290a95\" target=\"_blank\" style=\"mso-line-height-rule: exactly;-ms-text-size-adjust: 100%;-webkit-text-size-adjust: 100%;color: #44576c;font-weight: bold;text-decoration: none;\"\u003e[Click here]\u003c/a\u003e\u003c/span\u003e\r\n                        \u003c/td\u003e\r\n                    \u003c/tr\u003e\r\n                \u003c/tbody\u003e\u003c/table\u003e\r\n\t\t\t\t\u003c!--[if mso]\u003e\r\n\t\t\t\t\u003c/td\u003e\r\n\t\t\t\t\u003c![endif]--\u003e\r\n\r\n\t\t\t\t\u003c!--[if mso]\u003e\r\n\t\t\t\t\u003c/tr\u003e\r\n\t\t\t\t\u003c/table\u003e\r\n\t\t\t\t\u003c![endif]--\u003e\r\n            \u003c/td\u003e\r\n        \u003c/tr\u003e\r\n    \u003c/tbody\u003e\r\n\u003c/table\u003e\u003ctable border=\"0\" cellpadding=\"0\" cellspacing=\"0\" width=\"100%\" class=\"mcnFollowBlock\" style=\"min-width: 100%;border-collapse: collapse;mso-table-lspace: 0pt;mso-table-rspace: 0pt;-ms-text-size-adjust: 100%;-webkit-text-size-adjust: 100%;\"\u003e\r\n    \u003ctbody class=\"mcnFollowBlockOuter\"\u003e\r\n        \u003ctr\u003e\r\n            \u003ctd align=\"center\" valign=\"top\" style=\"padding: 9px;mso-line-height-rule: exactly;-ms-text-size-adjust: 100%;-webkit-text-size-adjust: 100%;\" class=\"mcnFollowBlockInner\"\u003e\r\n                \u003ctable border=\"0\" cellpadding=\"0\" cellspacing=\"0\" width=\"100%\" class=\"mcnFollowContentContainer\" style=\"min-width: 100%;border-collapse: collapse;mso-table-lspace: 0pt;mso-table-rspace: 0pt;-ms-text-size-adjust: 100%;-webkit-text-size-adjust: 100%;\"\u003e\r\n    \u003ctbody\u003e\u003ctr\u003e\r\n        \u003ctd align=\"center\" style=\"padding-left: 9px;padding-right: 9px;mso-line-height-rule: exactly;-ms-text-size-adjust: 100%;-webkit-text-size-adjust: 100%;\"\u003e\r\n            \u003ctable border=\"0\" cellpadding=\"0\" cellspacing=\"0\" class=\"mcnFollowContent\" style=\"border-collapse: collapse;mso-table-lspace: 0pt;mso-table-rspace: 0pt;-ms-text-size-adjust: 100%;-webkit-text-size-adjust: 100%;\"\u003e\r\n                \u003ctbody\u003e\u003ctr\u003e\r\n                    \u003ctd align=\"center\" valign=\"top\" style=\"padding-top: 9px;padding-right: 9px;padding-left: 9px;mso-line-height-rule: exactly;-ms-text-size-adjust: 100%;-webkit-text-size-adjust: 100%;\"\u003e\r\n                        \u003ctable align=\"center\" border=\"0\" cellpadding=\"0\" cellspacing=\"0\" style=\"border-collapse: collapse;mso-table-lspace: 0pt;mso-table-rspace: 0pt;-ms-text-size-adjust: 100%;-webkit-text-size-adjust: 100%;\"\u003e\r\n                            \u003ctbody\u003e\u003ctr\u003e\r\n                                \u003ctd align=\"center\" valign=\"top\" style=\"mso-line-height-rule: exactly;-ms-text-size-adjust: 100%;-webkit-text-size-adjust: 100%;\"\u003e\r\n                                    \u003c!--[if mso]\u003e\r\n                                    \u003ctable align=\"center\" border=\"0\" cellspacing=\"0\" cellpadding=\"0\"\u003e\r\n                                    \u003ctr\u003e\r\n                                    \u003c![endif]--\u003e\r\n\r\n                                        \u003c!--[if mso]\u003e\r\n                                        \u003ctd align=\"center\" valign=\"top\"\u003e\r\n                                        \u003c![endif]--\u003e\r\n\r\n\r\n                                            \u003ctable align=\"left\" border=\"0\" cellpadding=\"0\" cellspacing=\"0\" style=\"display: inline;border-collapse: collapse;mso-table-lspace: 0pt;mso-table-rspace: 0pt;-ms-text-size-adjust: 100%;-webkit-text-size-adjust: 100%;\"\u003e\r\n                                                \u003ctbody\u003e\u003ctr\u003e\r\n                                                    \u003ctd valign=\"top\" style=\"padding-right: 10px;padding-bottom: 9px;mso-line-height-rule: exactly;-ms-text-size-adjust: 100%;-webkit-text-size-adjust: 100%;\" class=\"mcnFollowContentItemContainer\"\u003e\r\n                                                        \u003ctable border=\"0\" cellpadding=\"0\" cellspacing=\"0\" width=\"100%\" class=\"mcnFollowContentItem\" style=\"border-collapse: collapse;mso-table-lspace: 0pt;mso-table-rspace: 0pt;-ms-text-size-adjust: 100%;-webkit-text-size-adjust: 100%;\"\u003e\r\n                                                            \u003ctbody\u003e\u003ctr\u003e\r\n                                                                \u003ctd align=\"left\" valign=\"middle\" style=\"padding-top: 5px;padding-right: 10px;padding-bottom: 5px;padding-left: 9px;mso-line-height-rule: exactly;-ms-text-size-adjust: 100%;-webkit-text-size-adjust: 100%;\"\u003e\r\n                                                                    \u003ctable align=\"left\" border=\"0\" cellpadding=\"0\" cellspacing=\"0\" width=\"\" style=\"border-collapse: collapse;mso-table-lspace: 0pt;mso-table-rspace: 0pt;-ms-text-size-adjust: 100%;-webkit-text-size-adjust: 100%;\"\u003e\r\n                                                                        \u003ctbody\u003e\u003ctr\u003e\r\n\r\n                                                                                \u003ctd align=\"center\" valign=\"middle\" width=\"24\" class=\"mcnFollowIconContent\" style=\"mso-line-height-rule: exactly;-ms-text-size-adjust: 100%;-webkit-text-size-adjust: 100%;\"\u003e\r\n                                                                                    \u003ca href=\"https://programmers.us3.list-manage.com/track/click?u=21baa7fb3ea75aa72fc22aae9\u0026id=ca29892ec2\u0026e=4440ca559d\" target=\"_blank\" style=\"mso-line-height-rule: exactly;-ms-text-size-adjust: 100%;-webkit-text-size-adjust: 100%;\"\u003e\u003cimg src=\"https://cdn-images.mailchimp.com/icons/social-block-v2/color-facebook-48.png\" alt=\"Facebook\" style=\"display: block;border: 0;height: auto;outline: none;text-decoration: none;-ms-interpolation-mode: bicubic;\" height=\"24\" width=\"24\" class=\"\"\u003e\u003c/a\u003e\r\n                                                                                \u003c/td\u003e\r\n\r\n\r\n                                                                        \u003c/tr\u003e\r\n                                                                    \u003c/tbody\u003e\u003c/table\u003e\r\n                                                                \u003c/td\u003e\r\n                                                            \u003c/tr\u003e\r\n                                                        \u003c/tbody\u003e\u003c/table\u003e\r\n                                                    \u003c/td\u003e\r\n                                                \u003c/tr\u003e\r\n                                            \u003c/tbody\u003e\u003c/table\u003e\r\n\r\n                                        \u003c!--[if mso]\u003e\r\n                                        \u003c/td\u003e\r\n                                        \u003c![endif]--\u003e\r\n\r\n                                        \u003c!--[if mso]\u003e\r\n                                        \u003ctd align=\"center\" valign=\"top\"\u003e\r\n                                        \u003c![endif]--\u003e\r\n\r\n\r\n                                            \u003ctable align=\"left\" border=\"0\" cellpadding=\"0\" cellspacing=\"0\" style=\"display: inline;border-collapse: collapse;mso-table-lspace: 0pt;mso-table-rspace: 0pt;-ms-text-size-adjust: 100%;-webkit-text-size-adjust: 100%;\"\u003e\r\n                                                \u003ctbody\u003e\u003ctr\u003e\r\n                                                    \u003ctd valign=\"top\" style=\"padding-right: 10px;padding-bottom: 9px;mso-line-height-rule: exactly;-ms-text-size-adjust: 100%;-webkit-text-size-adjust: 100%;\" class=\"mcnFollowContentItemContainer\"\u003e\r\n                                                        \u003ctable border=\"0\" cellpadding=\"0\" cellspacing=\"0\" width=\"100%\" class=\"mcnFollowContentItem\" style=\"border-collapse: collapse;mso-table-lspace: 0pt;mso-table-rspace: 0pt;-ms-text-size-adjust: 100%;-webkit-text-size-adjust: 100%;\"\u003e\r\n                                                            \u003ctbody\u003e\u003ctr\u003e\r\n                                                                \u003ctd align=\"left\" valign=\"middle\" style=\"padding-top: 5px;padding-right: 10px;padding-bottom: 5px;padding-left: 9px;mso-line-height-rule: exactly;-ms-text-size-adjust: 100%;-webkit-text-size-adjust: 100%;\"\u003e\r\n                                                                    \u003ctable align=\"left\" border=\"0\" cellpadding=\"0\" cellspacing=\"0\" width=\"\" style=\"border-collapse: collapse;mso-table-lspace: 0pt;mso-table-rspace: 0pt;-ms-text-size-adjust: 100%;-webkit-text-size-adjust: 100%;\"\u003e\r\n                                                                        \u003ctbody\u003e\u003ctr\u003e\r\n\r\n                                                                                \u003ctd align=\"center\" valign=\"middle\" width=\"24\" class=\"mcnFollowIconContent\" style=\"mso-line-height-rule: exactly;-ms-text-size-adjust: 100%;-webkit-text-size-adjust: 100%;\"\u003e\r\n                                                                                    \u003ca href=\"https://programmers.us3.list-manage.com/track/click?u=21baa7fb3ea75aa72fc22aae9\u0026id=0ae04a36ce\u0026e=4440ca559d\" target=\"_blank\" style=\"mso-line-height-rule: exactly;-ms-text-size-adjust: 100%;-webkit-text-size-adjust: 100%;\"\u003e\u003cimg src=\"https://cdn-images.mailchimp.com/icons/social-block-v2/color-youtube-48.png\" alt=\"YouTube\" style=\"display: block;border: 0;height: auto;outline: none;text-decoration: none;-ms-interpolation-mode: bicubic;\" height=\"24\" width=\"24\" class=\"\"\u003e\u003c/a\u003e\r\n                                                                                \u003c/td\u003e\r\n\r\n\r\n                                                                        \u003c/tr\u003e\r\n                                                                    \u003c/tbody\u003e\u003c/table\u003e\r\n                                                                \u003c/td\u003e\r\n                                                            \u003c/tr\u003e\r\n                                                        \u003c/tbody\u003e\u003c/table\u003e\r\n                                                    \u003c/td\u003e\r\n                                                \u003c/tr\u003e\r\n                                            \u003c/tbody\u003e\u003c/table\u003e\r\n\r\n                                        \u003c!--[if mso]\u003e\r\n                                        \u003c/td\u003e\r\n                                        \u003c![endif]--\u003e\r\n\r\n                                        \u003c!--[if mso]\u003e\r\n                                        \u003ctd align=\"center\" valign=\"top\"\u003e\r\n                                        \u003c![endif]--\u003e\r\n\r\n\r\n                                            \u003ctable align=\"left\" border=\"0\" cellpadding=\"0\" cellspacing=\"0\" style=\"display: inline;border-collapse: collapse;mso-table-lspace: 0pt;mso-table-rspace: 0pt;-ms-text-size-adjust: 100%;-webkit-text-size-adjust: 100%;\"\u003e\r\n                                                \u003ctbody\u003e\u003ctr\u003e\r\n                                                    \u003ctd valign=\"top\" style=\"padding-right: 0;padding-bottom: 9px;mso-line-height-rule: exactly;-ms-text-size-adjust: 100%;-webkit-text-size-adjust: 100%;\" class=\"mcnFollowContentItemContainer\"\u003e\r\n                                                        \u003ctable border=\"0\" cellpadding=\"0\" cellspacing=\"0\" width=\"100%\" class=\"mcnFollowContentItem\" style=\"border-collapse: collapse;mso-table-lspace: 0pt;mso-table-rspace: 0pt;-ms-text-size-adjust: 100%;-webkit-text-size-adjust: 100%;\"\u003e\r\n                                                            \u003ctbody\u003e\u003ctr\u003e\r\n                                                                \u003ctd align=\"left\" valign=\"middle\" style=\"padding-top: 5px;padding-right: 10px;padding-bottom: 5px;padding-left: 9px;mso-line-height-rule: exactly;-ms-text-size-adjust: 100%;-webkit-text-size-adjust: 100%;\"\u003e\r\n                                                                    \u003ctable align=\"left\" border=\"0\" cellpadding=\"0\" cellspacing=\"0\" width=\"\" style=\"border-collapse: collapse;mso-table-lspace: 0pt;mso-table-rspace: 0pt;-ms-text-size-adjust: 100%;-webkit-text-size-adjust: 100%;\"\u003e\r\n                                                                        \u003ctbody\u003e\u003ctr\u003e\r\n\r\n                                                                                \u003ctd align=\"center\" valign=\"middle\" width=\"24\" class=\"mcnFollowIconContent\" style=\"mso-line-height-rule: exactly;-ms-text-size-adjust: 100%;-webkit-text-size-adjust: 100%;\"\u003e\r\n                                                                                    \u003ca href=\"https://programmers.us3.list-manage.com/track/click?u=21baa7fb3ea75aa72fc22aae9\u0026id=757747b155\u0026e=4440ca559d\" target=\"_blank\" style=\"mso-line-height-rule: exactly;-ms-text-size-adjust: 100%;-webkit-text-size-adjust: 100%;\"\u003e\u003cimg src=\"https://cdn-images.mailchimp.com/icons/social-block-v2/color-link-48.png\" alt=\"Blog\" style=\"display: block;border: 0;height: auto;outline: none;text-decoration: none;-ms-interpolation-mode: bicubic;\" height=\"24\" width=\"24\" class=\"\"\u003e\u003c/a\u003e\r\n                                                                                \u003c/td\u003e\r\n\r\n\r\n                                                                        \u003c/tr\u003e\r\n                                                                    \u003c/tbody\u003e\u003c/table\u003e\r\n                                                                \u003c/td\u003e\r\n                                                            \u003c/tr\u003e\r\n                                                        \u003c/tbody\u003e\u003c/table\u003e\r\n                                                    \u003c/td\u003e\r\n                                                \u003c/tr\u003e\r\n                                            \u003c/tbody\u003e\u003c/table\u003e\r\n\r\n                                        \u003c!--[if mso]\u003e\r\n                                        \u003c/td\u003e\r\n                                        \u003c![endif]--\u003e\r\n\r\n                                    \u003c!--[if mso]\u003e\r\n                                    \u003c/tr\u003e\r\n                                    \u003c/table\u003e\r\n                                    \u003c![endif]--\u003e\r\n                                \u003c/td\u003e\r\n                            \u003c/tr\u003e\r\n                        \u003c/tbody\u003e\u003c/table\u003e\r\n                    \u003c/td\u003e\r\n                \u003c/tr\u003e\r\n            \u003c/tbody\u003e\u003c/table\u003e\r\n        \u003c/td\u003e\r\n    \u003c/tr\u003e\r\n\u003c/tbody\u003e\u003c/table\u003e\r\n\r\n            \u003c/td\u003e\r\n        \u003c/tr\u003e\r\n    \u003c/tbody\u003e\r\n\u003c/table\u003e\u003c/td\u003e\r\n                                        \u003c/tr\u003e\r\n                                    \u003c/table\u003e\r\n                                    \u003c!--[if (gte mso 9)|(IE)]\u003e\r\n                                    \u003c/td\u003e\r\n                                    \u003c/tr\u003e\r\n                                    \u003c/table\u003e\r\n                                    \u003c![endif]--\u003e\r\n                                \u003c/td\u003e\r\n                            \u003c/tr\u003e\r\n                        \u003c/table\u003e\r\n                        \u003c!-- // END TEMPLATE --\u003e\r\n                    \u003c/td\u003e\r\n                \u003c/tr\u003e\r\n            \u003c/table\u003e\r\n        \u003c/center\u003e\r\n    \u003cimg src=\"https://programmers.us3.list-manage.com/track/open.php?u=21baa7fb3ea75aa72fc22aae9\u0026id=c053290a95\u0026e=4440ca559d\" height=\"1\" width=\"1\"\u003e\u003c/body\u003e\r\n\u003c/html\u003e"
}