{
 "Title": "[XR챌린지2020 개최] 아이디어만 있다면 누구나 참여가능. 참여하고 취창업 모두 잡자!!",
 "From": "한국전파진흥협회 \u003csurvey@rapa.or.kr\u003e",
 "To": "in3166@naver.com",
 "Uid": "\u0026AH!!4E+\"!5Jp\"!CP;!!",
 "Date": "2020-10-07 09:25:49",
 "Content": "\u003chtml lang=\"ko\"\u003e\r\n\u003cmeta charset=\"utf-8\"\u003e\r\n\r\n\t\u003cdiv id=\"ds_box\" style=\"font-family: '맑은 고딕','나눔 고딕',dotum,Helvetica,sans-serif;line-height:1.5;font-size:12px;color:#666;*word-break:break-all;-ms-word-break:break-all;padding:0px 10px;\"\u003e\r\n                \u003cdiv style=\"width:100%;max-width:800px;margin:0 auto;\"\u003e\u003c!--style=\"margin:0 auto; float:right; float:left;\" 로 정렬--\u003e\r\n            \u003c!--[if (mso)|(mso 16)]\u003e\r\n            \u003ctable align=\"center\" border=\"0\" cellpadding=\"0\" cellspacing=\"0\" style=\"width:800px;\"\u003e\u003ctr\u003e\u003ctd\u003e\r\n            \u003c![endif]--\u003e\u003c!-- align=\"left/center/right\"로 정렬:아웃룩만--\u003e\r\n            \u003ctable border=\"0\" cellpadding=\"0\" cellspacing=\"0\" style=\"width:100%;min-height:100%;max-width:810px;padding:5px;border:0;-webkit-box-sizing:border-box;-moz-box-sizing:border-box;box-sizing:border-box; border: 0px; margin: 0 auto;\" \u003e\r\n                \u003ctr\u003e\r\n                                        \u003ctd style=\"border-bottom:1px solid #e1e1e1;padding-bottom:20px;\"\u003e\r\n                        \u003c!--해당 영역에 메일 html 삽입--\u003e\r\n                        \u003cstyle type=\"text/css\"\u003e.webzine-2020 p{margin:0;padding:0;}\n\t.webzine-2020 p img{vertical-align:top;}\n\u003c/style\u003e\n\u003cdiv class=\"webzine-2020\"\u003e\n\u003cp\u003e\u003cimg border=\"0\" src=\"https://www.rapa.or.kr/images/newsletter/20201006_xr/img_xr_20201006_01.png\" usemap=\"#map1\"\u003e\u003c/p\u003e\n\u003cmap id=\"map1\" name=\"map1\"\u003e\u003carea coords=\"139,1914,265,1949\" href=\"https://directsend.co.kr/index.php/mail_report_api/click/VTcxMTIyNA/202010/18/aHR0cHM6Ly9mb3Jtcy5nbGUvcWdkMzFpRU5HZnVjWUxHaTg/in3166@naver.com/1/33588\" shape=\"rect\" target=\"_blank\"\u003e \u003carea coords=\"140,2049,265,2081\" href=\"https://directsend.co.kr/index.php/mail_report_api/click/VTcxMTIyNA/202010/18/aHR0cHM6Ly93d3cuYXRpYy5hYzo1MDAwL3N1Yjgvdmlldy5waHA_dGFibGVfbmFtZT1ub3RpY2UmYW1wO251bWJlcj00NDg/in3166@naver.com/2/33588\" shape=\"rect\" target=\"_blank\"\u003e\u003c/map\u003e\u003c/div\u003e\n                        \u003c!--//해당 영역에 메일 html 삽입--\u003e\r\n                    \u003c/td\u003e\r\n                \u003c/tr\u003e\r\n                \u003ctr\u003e\r\n                    \u003ctd align=\"center\" style=\"padding:10px;\"\u003e\u003c!--푸터 가로폭이 최소, 최대로 맞춰져있기때문에 center로 정렬--\u003e\r\n                                                        \u003c!--[if (mso)|(mso 16)]\u003e\r\n                                \u003cstyle type=\"text/css\"\u003e\r\n                                    .text_Box { line-height:80%; }\r\n                                \u003c/style\u003e\r\n                                \u003ctable border=\"0\" cellpadding=\"0\" cellspacing=\"0\" style=\"text-align:left;width:800px; margin:0 auto;\" width=\"800\"\u003e\r\n                                    \u003ctr\u003e\r\n                                        \u003ctd\u003e\r\n                                \u003c![endif]--\u003e\r\n                                \u003ctable border=\"0\" cellpadding=\"0\" cellspacing=\"0\" style=\"text-align:left;max-width:800px;min-width:300px; margin:0 auto; padding:0 15px; -webkit-box-sizing:border-box;-moz-box-sizing:border-box;box-sizing:border-box;\"\u003e\r\n                                    \u003ctr\u003e\r\n                                        \u003ctd style=\"font-size:12px;font-family:'맑은 고딕', Helvetica, sans-serif;color: #999; padding-bottom:10px; padding-top:10px;\" class=\"text_Box\"\u003e\r\n                                                                                                                                            본메일은 2020-10-07 09:25:42 기준, 회원님의 수신동의 여부를 확인한 결과 회원님께서 수신동의를 하셨기에 발송되었습니다.                                                 \u003cbr /\u003e\r\n                                            \r\n                                                                                            더 이상 수신을 원하지 않으시면  \u003ca href='mailto:survey@rapa.or.kr'\u003esurvey@rapa.or.kr\u003c/a\u003e를 클릭하여 수신거부를 해 주시기 바랍니다.  if you don't want this type of information or e-mail, please click the [\u003ca href='mailto:survey@rapa.or.kr'\u003esurvey@rapa.or.kr\u003c/a\u003e]                                                                                    \u003c/td\u003e\r\n                                    \u003c/tr\u003e\r\n                                    \u003ctr\u003e\r\n                                        \u003ctd style=\"font-size:12px;font-family:'맑은 고딕', Helvetica, sans-serif;color: #666;\" class=\"text_Box\"\u003e\r\n                                                                                            TEL : 02-317-6000 / Email : \u003ca href='mailto:survey@rapa.or.kr'\u003esurvey@rapa.or.kr\u003c/a\u003e\u003cbr /\u003e소재지 : 서울시 양천구 목동중앙로13나길 3 한국전파진흥협회                                                                                    \u003c/td\u003e\r\n                                    \u003c/tr\u003e\r\n                                                                        \u003ctr\u003e\r\n                                        \u003ctd style=\"padding:10px 0 0; text-align:right;\" align=\"right\"\u003e\u003c!--align=\"center/left/right\" 로 정렬값을 준다--\u003e\r\n                                            \u003cimg src=\"https://directsend.co.kr/index.php/mail_report_api/image_down/VTcxMTIyNA/657\" style=\"display:inline-block;width:120px;height:auto;vertical-align:middle;\" width=\"120\"\u003e\r\n                                        \u003c/td\u003e\r\n                                    \u003c/tr\u003e\r\n                                                                    \u003c/table\u003e\r\n                                \u003c!--[if (mso)|(mso 16)]\u003e\r\n                                \u003c/td\u003e\r\n                                \u003c/tr\u003e\r\n                                \u003c/table\u003e\r\n                                \u003c![endif]--\u003e\r\n                                            \u003c/td\u003e\r\n                \u003c/tr\u003e\r\n            \u003c/table\u003e\r\n            \u003c!--[if (mso)|(mso 16)]\u003e\r\n            \u003c/td\u003e\u003c/tr\u003e\u003c/table\u003e\r\n            \u003c![endif]--\u003e\r\n        \u003c/div\u003e\r\n            \u003c!-- open template --\u003e\r\n\t\t\t\u003cimg src='https://directsend.co.kr/index.php/mail_report_api/open/VTcxMTIyNA/202010/18/in3166@naver.com/33588' width='0' height='0'\u003e    \u003c/div\u003e\r\n\t\t\u003c!-- end div first --\u003e\r\n\u003c/html\u003e\r\n"
}