{
 "Title": "=?euc-kr?B?Tkiz88f5xKu15SjDpL/yKSDAr8i/?= =?euc-kr?B?seKwoyC1tbehv6Egtfu4pSC+yLO7uLu+uA==?=",
 "From": "\"=?euc-kr?B?Tkiz88f5xKu15Q==?=\" \u003cnonghyupCARD@nonghyup.com\u003e",
 "To": "\"=?euc-kr?B?wK8qwb4=?=\" \u003cin3166@naver.com\u003e",
 "Uid": "5,c\"!#*\"\"!*E-\"!PaZ\"!",
 "Date": "2020-10-08 05:09:59",
 "Content": "\u003chtml\u003e\r\n\u003chead\u003e\r\n\u003ctitle\u003eNH\ufffd\ufffd\ufffd\ufffdī\ufffd\ufffd\u003c/title\u003e\r\n\u003cmeta http-equiv=\"Content-Type\" content=\"text/html; charset=euc-kr\"\u003e\r\n\u003c/head\u003e\r\n\u003cbody bgcolor=\"#FFFFFF\" leftmargin=\"0\" topmargin=\"0\" marginwidth=\"0\" marginheight=\"0\"  style=\"width:700px;\"\u003e\r\n\u003cdiv id=\"NHcard\"\u003e\r\n\u003ctbody\u003e\r\n\u003ctable width=\"700\" border=\"0\" cellpadding=\"0\" cellspacing=\"0\" bgcolor=\"#FFFFFF\" style=\"font-size:12px\"\u003e\r\n\t\u003ctr\u003e\r\n\t\t\u003ctd width=\"20\" height=\"75\"  style=\"padding-top:20px;margin:0px; line-height:0px;\"\u003e\u003c/td\u003e\r\n        \u003ctd width=\"660\" colspan=\"3\"  style=\"padding-top:20px;maragin:0px; line-height:0px;\"\u003e\u003ca href=\"https://card.nonghyup.com\" target=\"_blank\" title=\"\"\u003e\u003cimg src=\"https://card.nonghyup.com/images/mail/card/e-mail/mail_logo.gif\" border=\"0\"\u003e\u003c/a\u003e\u003c/td\u003e\r\n        \u003ctd width=\"20\" height=\"75\"  style=\"padding-top:20px;margin:0px; line-height:0px;\"\u003e\u003c/td\u003e\r\n\t\u003c/tr\u003e\r\n    \u003ctr\u003e\r\n      \u003ctd  style=\"padding-top:20px;margin:0px; line-height:0px;\"\u003e\u003c/td\u003e\r\n      \u003ctd height=\"20\" colspan=\"3\" bgcolor=\"#0193cc\"\u003e\u003c/td\u003e\r\n      \u003ctd  style=\"padding-top:20px;margin:0px; line-height:0px;\"\u003e\u003c/td\u003e\r\n    \u003c/tr\u003e\r\n    \u003ctr\u003e\r\n    \t\u003ctd width=\"20\" style=\"padding-top:20px;margin:0px; line-height:0px;\"\u003e\u003c/td\u003e\r\n        \u003ctd bgcolor=\"#0193cc\" width=\"20\" style=\"padding-top:20px;margin:0px; line-height:0px;\"\u003e\u003c/td\u003e\r\n        \u003ctd width=\"620\" style=\"padding-top:20px;margin:0px; line-height:0px;\"\u003e\r\n        \t\u003ctable width=\"620\" border=\"0\" cellpadding=\"0\" cellspacing=\"0\" bgcolor=\"#FFFFFF\" style=\"font-size:12px;\"\u003e\r\n            \t\u003ctr\u003e\r\n                \t\u003ctd width=\"15\"\u003e\u003c/td\u003e\r\n                    \u003ctd width=\"590\" align=\"right\" style=\"padding-top:15px;\"\u003e\r\n                    \t\u003cimg src=\"https://card.nonghyup.com/images/mail/card/e-mail/mail_cheum.gif\" alt=\"ä\ufffd\ufffd\"\u003e\r\n                  \u003c/td\u003e\r\n                    \u003ctd width=\"15\"\u003e\u003c/td\u003e\r\n                \u003c/tr\u003e\r\n                \u003ctr\u003e\r\n                \t\u003ctd width=\"15\"\u003e\u003c/td\u003e\r\n                    \u003ctd width=\"590\" align=\"center\" style=\"padding-bottom:15px;\"\u003e\r\n                    \t\u003cimg src=\"https://card.nonghyup.com/images/mail/card/e-mail/mail_20150519_cheum02.gif\" alt=\"NH\ufffd\ufffd\ufffd\ufffdī\ufffd\ufffd(ä\ufffd\ufffd) \ufffd\ufffdȿ\ufffd\ufffd\ufffd\ufffd \ufffd\ufffd\ufffdῡ \ufffd\ufffd\ufffd\ufffd \ufffdȳ\ufffd\ufffd\ufffd\ufffd\ufffd\"\u003e\r\n                    \u003c/td\u003e\r\n                    \u003ctd width=\"15\"\u003e\u003c/td\u003e\r\n                \u003c/tr\u003e\r\n                \u003ctr\u003e\r\n                \t\u003ctd width=\"15\"\u003e\u003c/td\u003e\r\n                    \u003ctd width=\"590\" align=\"center\" style=\"padding:15px 15px; font-size:16px; font-weight:bold;\"\u003e\u003c!--\ufffd\ufffd\ufffd\ufffd\ufffd̸\ufffd--\u003e\ufffd\ufffd*\ufffd\ufffd \u003c!--//\ufffd\ufffd\ufffd\ufffd\ufffd̸\ufffd--\u003e\ufffd\ufffd\ufffd\ufffd\ufffd\ufffd \ufffd\ufffd\ufffd\ufffd\u003c/td\u003e\r\n                    \u003ctd width=\"15\"\u003e\u003c/td\u003e\r\n                \u003c/tr\u003e\r\n                 \u003ctr\u003e\r\n                \t\u003ctd width=\"15\"\u003e\u003c/td\u003e\r\n                   \u003ctd width=\"590\" style=\"padding-top:10px; color:#656565; line-height:18px;\"\u003e\r\n\t\t\t\t   \u003c!--2016.05.02 \ufffdλ縻 \ufffd\ufffd\ufffd\ufffd--\u003e\r\n                   \u003c!--\ufffdλ縻--\u003e\r\n\t\t\t\t\t\u003cdiv style=\"padding-top:8px;\"\u003e\r\n\t\t\t\t\t\t\ufffd\ufffd\ufffd\ufffd NH\ufffd\ufffd\ufffd\ufffdī\ufffd带 \ufffdƳ\ufffd\ufffd\ufffd \ufffd\ufffd\ufffd\ufffd\ufffd\ufffd\ufffdּż\ufffd \ufffd\ufffd\ufffd\ufffd\ufffdմϴ\ufffd. \r\n\t\t\t\t\t\u003c/div\u003e\r\n\t\t\t\t\t\u003cdiv style=\"padding-top:8px;\"\u003e\r\n\t\t\t\t\t\t\ufffd\ufffd\ufffd\ufffd\ufffdԲ\ufffd\ufffd\ufffd \ufffd\ufffd\ufffd\ufffd\ufffdϰ\ufffd \ufffd\ufffd\ufffd\ufffd NH\ufffd\ufffd\ufffd\ufffdī\ufffd\ufffd(ä\ufffd\ufffd)\ufffd\ufffd \ufffd\ufffdȿ\ufffd\ufffd\ufffd\ufffd\ufffd\ufffd \ufffdƷ\ufffd\ufffd\ufffd \ufffd\ufffd\ufffd\ufffd \ufffd\ufffd\ufffdΌ\ufffd\ufffd\ufffd̳\ufffd,\u003cbr /\u003e\r\n\t\t\t\t\t\t\ufffdش\ufffd ī\ufffd\ufffd\ufffd\ufffd \ufffdǸ\ufffd\ufffdߴ\ufffd\ufffd\ufffd\ufffd\ufffd \ufffdε\ufffd\ufffd\ufffd\ufffdϰ\ufffd \ufffd\ufffd\ufffd\ufffd\ufffd\ufffd \ufffd\ufffdǰ\ufffd\ufffd\ufffd\ufffd \ufffd\ufffd\ufffd\ufffd\ufffd\ufffd \ufffd\ufffd\ufffdư\ufffd \ufffdǾ\ufffd\ufffd\ufffd\ufffdϴ\ufffd. \u003cbr /\u003e\u003cbr /\u003e\r\n                        \ufffd\ufffd\ufffd\ufffd \ufffd\ufffd\ufffd\ufffd ī\ufffd\ufffd(\ufffd\ufffd\ufffd\ufffd\ufffd\ufffd \ufffd\ufffd\ufffd\ufffdī\ufffd\ufffd \ufffd\ufffd\ufffd\ufffd)\ufffd\ufffd \ufffd\ufffdȿ\ufffd\ufffd\ufffdѱ\ufffd\ufffd\ufffd\ufffd\ufffd \ufffd\ufffd\ufffd\ufffd\ufffd\ufffd \ufffd\ufffd\ufffd\ufffd\ufffdϸ\ufffd \u003cbr /\u003e\r\n                        \ufffd\ufffd\ufffdĿ\ufffd\ufffd\ufffd \ufffd\ufffd\ufffd\ufffd\ufffdϽ\ufffd \ufffd\ufffd \ufffd\ufffd\ufffd\ufffd\ufffd\ufffd \ufffd˷\ufffd\ufffd帮\ufffd\ufffd \ufffd\ufffd\ufffd뿡 \ufffd\ufffd\ufffd\ufffd\ufffdϽñ\ufffd \ufffdٶ\ufffd\ufffdϴ\ufffd. \u003c/div\u003e\r\n\t\t\t\t\t\u003cdiv style=\"padding-top:8px;\"\u003e\r\n\t\t\t\t\t\t\ufffd\ufffd\ufffd\ufffd \ufffd\ufffd\ufffd\ufffd \ufffd\ufffdŹ\ufffd帮\ufffd\ufffd, ī\ufffd\ufffd \ufffd\ufffdǰ \ufffd\ufffd \ufffd\ufffd\ufffd\ufffd\ufffd\ufffd\ufffd\ufffd \ufffd\ufffd\ufffdǰ\ufffd \ufffd\ufffd\ufffd\ufffd\ufffd\ufffd \ufffd\ufffd\ufffd\ufffd\u003cbr /\u003e\ufffd\ufffd\ufffd\ufffd\ufffd\ufffd\ufffd\ufffd\ufffd\ufffd \ufffdǴ\ufffd NH\ufffd\ufffd\ufffd\ufffdī\ufffd\ufffd \ufffd\ufffd\ufffd\ufffd\ufffd\ufffd\ufffd㼾\ufffd\ufffd(1644-4000)\ufffd\ufffd \ufffd\ufffd\ufffd\ufffd \ufffdֽø\ufffd \ufffd\ufffd\ufffd\ufffd\ufffd\ufffd \ufffdȳ\ufffd \ufffd帮\ufffdڽ\ufffd\ufffdϴ\ufffd.  \u003c/div\u003e\r\n\t\t\t\t\t\u003c!-- div style=\"padding-top:8px;\"\u003e\r\n\t\t\t\t\t\t\ufffd\ufffd\ufffd\ufffd(\ufffd\ufffdȿ\ufffd\ufffd\ufffd\ufffd \ufffd\ufffd\ufffd\ufffd\ufffd߱\ufffd) \ufffd\ufffd \ufffd\ufffd\ufffd뿡 \ufffd\ufffd\ufffd\ufffd \ufffd\ufffd\ufffdǰ\ufffd \ufffd\ufffd\ufffd\ufffd\ufffd\ufffd \ufffd\ufffd\ufffd\ufffd \ufffdƷ\ufffd\ufffd\ufffd \ufffd\ufffd\ufffd\ufffd \ufffd\ufffd\ufffd\ufffd\ufffd\ufffd\ufffd\ufffd\ufffd\ufffd \ufffd\ufffd\ufffd\ufffd\ufffdֽø\ufffd\u003cbr /\u003e\ufffd\ufffd\ufffd\ufffd\ufffdϰ\ufffd \ufffdȳ\ufffd\ufffdϿ\ufffd \ufffd帮\ufffdڽ\ufffd\ufffdϴ\ufffd.\r\n\t\t\t\t\t\u003c/div --\u003e\r\n\t\t\t\t\t\u003c!--//\ufffdλ縻--\u003e\r\n\t\t\t\t\t\u003c!--2016.05.02 \ufffdλ縻 \ufffd\ufffd\ufffd\ufffd--\u003e\r\n\t\t\t\t\t\u003c/td\u003e\r\n                    \u003ctd width=\"15\"\u003e\u003c/td\u003e\r\n                \u003c/tr\u003e\r\n            \u003c/table\u003e\r\n        \u003c/td\u003e\r\n        \u003ctd bgcolor=\"#0193cc\" width=\"20\" style=\"padding-top:20px;margin:0px; line-height:0px;\"\u003e\u003c/td\u003e\r\n        \u003ctd width=\"20\" style=\"padding-top:20px;margin:0px; line-height:0px;\"\u003e\u003c/td\u003e\r\n    \u003c/tr\u003e\r\n    \u003ctr\u003e\r\n    \t\u003ctd width=\"15\" style=\"padding-top:20px;margin:0px; line-height:0px;\"\u003e\u003c/td\u003e\r\n        \u003ctd width=\"20\" background=\"https://card.nonghyup.com/images/mail/card/e-mail/mail_20140717_05.gif\" height=\"24\" style=\"padding-top:0px;margin:0px; line-height:0px;\"\u003e\u003c/td\u003e\r\n        \u003ctd width=\"590\" style=\"padding-top:20px;margin:0px; line-height:0px;\"\u003e\u003c/td\u003e\r\n        \u003ctd width=\"20\" background=\"https://card.nonghyup.com/images/mail/card/e-mail/mail_20140717_05.gif\" height=\"24\" style=\"padding-top:0px;margin:0px; line-height:0px;\"\u003e\u003c/td\u003e\r\n        \u003ctd width=\"15\" style=\"padding-top:20px;margin:0px; line-height:0px;\"\u003e\u003c/td\u003e\r\n    \u003c/tr\u003e\r\n\t\u003c!--2016.05.02 \ufffd\ufffd\ufffd\ufffd--\u003e\r\n      \u003c!--tr\u003e\r\n    \t\u003ctd width=\"20\"\u003e\u003c/td\u003e\r\n        \u003ctd bgcolor=\"#204879\" width=\"20\"\u003e\u003c/td\u003e\r\n\t\t\u003ctd width=\"590\" align=\"left\" style=\"padding:0 0 0 15px;\"\u003e\r\n\t\t\t\u003ctable cellspacing=\"0\" cellpadding=\"0\" border=\"0\" width=\"590\" style=\"border-collapse:collapse; font:12px Dotum;color:#858585; line-height:17px;\"\u003e\r\n\t\t\t\t\u003ctr\u003e\r\n                    \u003ctd width=\"4\" style=\"padding:2px 5px 0 0;\" valign=\"top\"\u003e\r\n\t\t\t\t\t\t\u003cimg src=\"https://card.nonghyup.com/images/mail/card/e-mail/mail_incon.gif\"\u003e\r\n                    \u003c/td\u003e\r\n                    \u003ctd\u003e\r\n                    \ufffd\ufffd\ufffd\ufffd\ufffd\ufffd, \ufffd\ufffd\ufffdſ\ufffd\ufffd\ufffd \ufffd\ufffd \ufffdڵ\ufffd\ufffd\ufffdü \ufffd\ufffd\ufffd񽺸\ufffd \ufffd̿\ufffd\ufffdϰ\ufffd \ufffd\ufffd\ufffdô\ufffd \ufffd\ufffd\ufffd\ufffd\ufffdԲ\ufffd\ufffd\ufffd\ufffd\ufffd \ufffdش\ufffdī\ufffd\ufffd\ufffd\ufffd \ufffd\ufffdȿ\ufffd\ufffd\ufffd\ufffd\ufffd\ufffd \ufffd\ufffd\ufffd\ufffd\ufffdǱ\ufffd \ufffd\ufffd \ufffd\ufffd\ufffd\ufffd\ufffd\ufffd\ufffd\ufffd\ufffd\ufffd \ufffd\ufffd\ufffd\ufffd\ufffdϿ\ufffd \ufffdֽñ\ufffd \ufffdٶ\ufffd\ufffdϴ\ufffd.\r\n\t\t\t\t\u003c/tr\u003e\r\n\t\t\t\t\u003ctr\u003e\r\n                    \u003ctd width=\"4\" style=\"padding:11px 5px 0 0\" valign=\"top\"\u003e\r\n\t\t\t\t\t\t\u003cimg src=\"https://card.nonghyup.com/images/mail/card/e-mail/mail_incon.gif\"\u003e\r\n                    \u003c/td\u003e\r\n                    \u003ctd style=\"padding-top: 8px;\"\u003e\r\n                    \ufffd\ufffd\ufffd\ufffdī\ufffd\ufffd \ufffd\ufffd\ufffd\ufffd\ufffd\ufffd\ufffd\ufffd(\ufffdڵ\ufffdȭ\ufffd\ufffd\ufffd\ufffd \ufffd\ufffd\ufffd\ufffd\ufffd\ufffd\ufffdݱ\ufffd\ufffd\ufffd) \ufffd\ufffd\ufffd񽺸\ufffd \ufffd̿\ufffd\ufffdϰ\ufffd \ufffd\ufffd\ufffd\ufffd \ufffd\ufffd\ufffd\ufffd\ufffdԲ\ufffd\ufffd\ufffd\ufffd\ufffd ī\ufffd\ufffd\ufffd\ufffd \ufffd\ufffdȿ\ufffd\ufffd\ufffd\ufffd\ufffd\ufffd \ufffd\ufffd\ufffd\ufffd\ufffdϸ\ufffd \ufffdش\ufffdī\ufffd\ufffd\ufffd\ufffd \ufffd\ufffd\ufffd\ufffd\ufffd\ufffd\ufffdݱ\ufffd\ufffdɵ\ufffd \ufffdԲ\ufffd \ufffd\ufffd\ufffd\ufffd\ufffdǿ\ufffd\ufffd\ufffd \ufffd̿뿡 \ufffd\ufffd\ufffd\ufffd\ufffdϿ\ufffd \ufffdֽʽÿ\ufffd.\u003c/td\u003e\r\n\t\t\t\t\u003c/tr\u003e\r\n\t\t\t\u003c/table\u003e\r\n\t\t\u003c/td\u003e\r\n\t\t\u003ctd bgcolor=\"#204879\" width=\"20\"\u003e\u003c/td\u003e\r\n\t\u003c/tr--\u003e\r\n\t\u003c!--2016.05.02 \ufffd\ufffd\ufffd\ufffd--\u003e\r\n      \u003ctr\u003e\r\n    \t\u003ctd width=\"20\"\u003e\u003c/td\u003e\r\n        \u003ctd bgcolor=\"#204879\" width=\"20\"\u003e\u003c/td\u003e\r\n        \u003ctd width=\"620\"\u003e\r\n        \t\u003ctable width=\"620\" border=\"0\" cellpadding=\"0\" cellspacing=\"0\" bgcolor=\"#FFFFFF\" style=\"font-size:12px;\"\u003e\r\n                 \u003ctr\u003e\r\n                   \u003ctd\u003e\u003c/td\u003e\r\n                   \u003ctd align=\"left\" style=\"padding-top:5px;\"\u003e\u0026nbsp;\u003c/td\u003e\r\n                   \u003ctd\u003e\u003c/td\u003e\r\n                 \u003c/tr\u003e\r\n                 \u003ctr\u003e\r\n                \t\u003ctd width=\"15\"\u003e\u003c/td\u003e\r\n                   \t\u003ctd width=\"590\" align=\"left\" style=\"padding-top:5px;\"\u003e\r\n                    \u003c!--\ufffd\ufffdȿ\ufffd\ufffd\ufffd\ufffd \ufffd\ufffd\ufffd\ufffd \ufffd\ufffd\ufffd\ufffdī\ufffd\ufffd--\u003e\r\n                    \u003cimg src=\"https://card.nonghyup.com/images/mail/card/e-mail/mail_20140717_02.gif\" title=\"\ufffd\ufffdȿ\ufffd\ufffd\ufffd\ufffd \ufffd\ufffd\ufffd\ufffd \ufffd\ufffd\ufffd\ufffdī\ufffd\ufffd\"\u003e\r\n                   \t\u003c/td\u003e\r\n                    \u003ctd width=\"15\"\u003e\u003c/td\u003e\r\n                \u003c/tr\u003e\r\n                \u003ctr\u003e\r\n                \t\u003ctd width=\"15\"\u003e\u003c/td\u003e\r\n                   \t\u003ctd width=\"590\" align=\"left\" style=\"padding-top:5px;\"\u003e\r\n                    \t\u003ctable cellspacing=\"0\" cellpadding=\"0\" border=\"0\" width=\"590\" style=\"border-collapse:collapse;\"\u003e\r\n\t\t\t\t\t\t\t\u003ctr\u003e\u003ctd bgcolor=\"#584e65\" height=\"2\" colspan=\"6\"\u003e\u003c/td\u003e\u003c/tr\u003e\r\n\t\t\t\t\t\t\t\u003ctr align=\"center\"\u003e\r\n\t\t\t\t\t\t\t\t\u003ctd width=\"60\" height=\"26\" style=\"background:#f2f2f2;font:12px Dotum;color:#584e65;\"\u003e\u003cstrong\u003e\ufffd\ufffd\ufffd\ufffd\ufffd\ufffd\ufffd\ufffd\u003c/strong\u003e\u003c/td\u003e\r\n\t\t\t\t\t\t\t\t\u003ctd width=\"60\" style=\"background:#f2f2f2;font:12px Dotum;color:#584e65;border-left:1px solid #e0e0e0;\"\u003e\u003cstrong\u003e\ufffd\ufffd\ufffd\ufffd\u003c/strong\u003e\u003c/td\u003e\r\n\t\t\t\t\t\t\t\t\u003ctd width=\"96\" style=\"background:#f2f2f2;font:12px Dotum;color:#584e65;border-left:1px solid #e0e0e0;\"\u003e\u003cstrong\u003e\ufffd\ufffdǰ\ufffd\ufffd\u003c/strong\u003e\u003c/td\u003e\r\n\t\t\t\t\t\t\t  \u003ctd width=\"146\" style=\"background:#f2f2f2;font:12px Dotum;color:#584e65;border-left:1px solid #e0e0e0;\"\u003e\u003cstrong\u003eī\ufffd\ufffd\ufffd\ufffdȣ\u003c/strong\u003e\u003c/td\u003e\r\n\t\t\t\t\t\t\t  \u003ctd width=\"72\" height=\"50\" style=\"background:#f2f2f2;font:12px Dotum;color:#584e65;border-left:1px solid #e0e0e0;\"\u003e\u003cstrong\u003e\ufffd\ufffdȿ\ufffd\ufffd\ufffd\ufffd\u003cbr\u003e\r\n\t\t\t\t          (\ufffd\ufffd\ufffd\ufffd\ufffd\ufffd)\u003c/strong\u003e\u003c/td\u003e\r\n\t\t\t\t\t\t\t\t\u003c!--2016.05.02 \ufffd\ufffd \ufffdؽ\ufffdƮ \ufffd\ufffd\ufffd\ufffd--\u003e\r\n\t\t\t\t\t\t\t\t\u003ctd width=\"151\" style=\"background:#f2f2f2;font:12px Dotum;color:#584e65;border-left:1px solid #e0e0e0;\"\u003e\u003cstrong\u003e\ufffd\ufffd\ufffd\ufffd \ufffd\ufffd\ufffd\ufffd\ufffd\ufffd\u003c/strong\u003e\u003c/td\u003e  \r\n\t\t\t\t\t\t\t\t\u003c!--2016.05.02 \ufffd\ufffd \ufffdؽ\ufffdƮ \ufffd\ufffd\ufffd\ufffd--\u003e\t\t\t\t\r\n\t\t\t        \u003c/tr\u003e\r\n\t\t\t\t\t\t\t\u003ctr\u003e\u003ctd colspan=\"6\" bgcolor=\"#e0e0e0\" height=\"1\"\u003e\u003c/td\u003e\u003c/tr\u003e\r\n\t\t\t\t\t\t\t\u003ctr align=\"center\" style=\"font:12px Dotum;color:#737373\"\u003e\r\n\t\t\t\t\t\t\t\t\u003ctd height=\"26\"\u003e\u003c!--\ufffd\ufffd\ufffd\ufffd\ufffd\ufffd\ufffd\ufffd--\u003e\ufffd\ufffd\ufffd\ufffd\u003c/td\u003e\r\n\t\t\t\t\t\t\t\t\u003ctd style=\"border-left:1px solid #e0e0e0;\" height=\"26\"\u003e\u003c!--\ufffd\ufffd\ufffd\ufffd--\u003e\ufffd\ufffd*\ufffd\ufffd\u003c/td\u003e\r\n\t\t\t\t\t\t\t\t\u003ctd style=\"border-left:1px solid #e0e0e0;\" height=\"26\"\u003e\u003c!--\ufffd\ufffdǰ\ufffd\ufffd--\u003eä\ufffd\ufffd NewHave(\ufffd\ufffd\ufffdغ\ufffd)_üũ\u003c/td\u003e\r\n\t\t\t\t\t\t\t\t\u003ctd style=\"border-left:1px solid #e0e0e0;\" height=\"26\"\u003e\u003c!--ī\ufffd\ufffd\ufffd\ufffdȣ--\u003e4854-79**-****-8007\u003c/td\u003e\r\n                                \u003ctd style=\"border-left:1px solid #e0e0e0;\" height=\"26\"\u003e\u003c!--\ufffd\ufffdȿ\ufffd\ufffd\ufffd\ufffd(\ufffd\ufffd\ufffd\ufffd\ufffd\ufffd)--\u003e2020\ufffd\ufffd 12\ufffd\ufffd\u003c/td\u003e\r\n                                \u003ctd style=\"border-left:1px solid #e0e0e0;\" height=\"26\"\u003e\u003c!--\ufffd\ufffd\ufffd\ufffd\ufffd\ufffd \ufffd\ufffdȭ\ufffd\ufffdȣ--\u003e\ufffd\ufffd\ufffd\ufffd\ufffd\ufffd\ufffd\ufffd\ufffd\ufffd (031-751-0161)\u003c/td\u003e\r\n                            \u003c/tr\u003e\r\n\t\t\t\t\t\t\t\u003ctr\u003e\r\n                            \t\u003ctd colspan=\"6\" bgcolor=\"#e0e0e0\" height=\"1\"\u003e\u003c/td\u003e\r\n\t\t\t\t\t\t\t\u003c/tr\u003e\t\t\t\r\n                    \t\u003c/table\u003e\r\n                        \u003c!--//\ufffd\ufffdȿ\ufffd\ufffd\ufffd\ufffd \ufffd\ufffd\ufffd\ufffd \ufffd\ufffd\ufffd\ufffdī\ufffd\ufffd \ufffd\ufffd\ufffd\ufffd--\u003e\r\n                   \t\u003c/td\u003e\r\n                    \u003ctd width=\"15\"\u003e\u003c/td\u003e\r\n                \u003c/tr\u003e\r\n\t\t\t\t\u003c!--2016.05.02 \ufffd\ufffdȿ\ufffd\ufffd\ufffdѵ\ufffd\ufffd\ufffd \ufffd߰\ufffd--\u003e\r\n                 \u003ctr\u003e\r\n                \t\u003ctd width=\"15\"\u003e\u003c/td\u003e\r\n                   \t\u003ctd width=\"590\" align=\"left\" style=\"padding-top:15px;  color:#656565; \"\u003e\r\n\t\t\t\t\t\t\u003ctable cellspacing=\"0\" cellpadding=\"0\" border=\"0\" width=\"590\" style=\"border-collapse:collapse; font:12px Dotum;color:#858585; line-height:17px;\"\u003e\r\n\t\t\t\t\t\t\t\u003ctr\u003e\r\n\t\t\t\t\t\t\t\t\u003ctd colspan=\"2\" style=\"padding:0 0 7px 10px; background:url('https://card.nonghyup.com/images/mail/card/e-mail/mail_incon.gif') no-repeat 0 5px;\"\u003e\r\n\t\t\t\t\t\t\t\t\ufffd\ufffd\ufffd\ufffd\ufffd\ufffd \ufffd\ufffd\ufffd\ufffd \ufffd\ufffd \ufffdڵ\ufffd\ufffd\ufffdü \ufffd\ufffd\ufffd񽺸\ufffd \ufffd̿\ufffd \ufffd\ufffd \ufffd̽\ufffd \ufffd\ufffd\ufffd\ufffd \ufffd\ufffdȿ\ufffd\ufffd\ufffd\ufffd \ufffd\ufffd\ufffd\ufffd \ufffd\ufffd \ufffd\ufffd\ufffd\ufffd\ufffd\ufffd\ufffd\ufffd\ufffd\ufffd \ufffd\ufffd\ufffd\ufffd\ufffd\ufffd\ufffdֽñ\ufffd \ufffdٶ\ufffd\ufffdϴ\ufffd.\r\n\t\t\t\t\t\t\t\t\u003c/td\u003e\r\n\t\t\t\t\t\t\t\u003c/tr\u003e\r\n\t\t\t\t\t\t\t\u003ctr\u003e\r\n\t\t\t\t\t\t\t\t\u003ctd colspan=\"2\" style=\"padding:0 0 7px 10px; background:url('https://card.nonghyup.com/images/mail/card/e-mail/mail_incon.gif') no-repeat 0 5px;\"\u003e\r\n\t\t\t\t\t\t\t\t\ufffd\ufffdȿ\ufffd\ufffd\ufffd\ufffd \ufffd\ufffd\ufffd\ufffd \ufffd\ufffd \ufffd\ufffd\ufffd\ufffd\ufffd\ufffd\ufffd\ufffd \ufffd\ufffd\ufffd\ufffd\ufffd\ufffd \ufffd\ufffd\ufffd\ufffd\ufffd˴ϴ\ufffd.\u003c/td\u003e\r\n\t\t\t\t\t\t\t\u003c/tr\u003e\r\n\t\t\t\t\t\t\t\u003ctr\u003e\r\n\t\t\t\t\t\t\t\t\u003ctd colspan=\"2\" style=\"padding:0 0 7px 10px; background:url('https://card.nonghyup.com/images/mail/card/e-mail/mail_incon.gif') no-repeat 0 5px;\"\u003e\r\n\t\t\t\t\t\t\t\t\ufffd\ufffd\ufffd\ufffd\ufffdϽ\ufffd \ufffd\ufffd\ufffd\ufffdƮ\ufffd\ufffd \ufffd\ufffd\ufffd\ufffd\ufffd\ufffd\ufffdκ\ufffd\ufffd\ufffd \ufffd\ufffd\ufffd\ufffdƮ \ufffd\ufffdȿ\ufffdⰣ 5\ufffd\ufffd\ufffd\ufffd\ufffd\ufffd \ufffd\ufffd\ufffd\ufffd\ufffdǸ\ufffd \ufffd\ufffdȿ\ufffd\ufffd NH\ufffd\ufffd\ufffd\ufffdī\ufffd\ufffd(ä\ufffd\ufffd)\ufffd\ufffd\u003cbr/\u003e\r\n\t\t\t\t\t\t\t\t\ufffd\ufffd\ufffd\ufffd\ufffd\ufffd \ufffd\ufffd\ufffd\ufffd ī\ufffd\ufffd\ufffd\ufffd\ufffd\ufffd\ufffd\ufffd\ufffd㼾\ufffd\ufffd(1644-4000)\ufffd\ufffd\ufffd\ufffd \ufffd\ufffd\ufffd\ufffd \ufffd\ufffd\ufffd\ufffdƮ \ufffd\ufffd\ufffd\ufffd ĳ\ufffdù\ufffd \ufffd\ufffdû \ufffdϽ\ufffd \ufffd\ufffd \ufffdֽ\ufffd\ufffdϴ\ufffd.\u003c/td\u003e\r\n\t\t\t\t\t\t\t\u003c/tr\u003e\r\n\t\t\t\t\t\t\t\u003ctr\u003e\r\n\t\t\t\t\t\t\t\t\u003ctd colspan=\"2\" style=\"padding:0 0 7px 10px; background:url('https://card.nonghyup.com/images/mail/card/e-mail/mail_incon.gif') no-repeat 0 5px;\"\u003e\r\n\t\t\t\t\t\t\t\t\ufffd\ufffdŸ ī\ufffd\ufffd\ufffd\ufffd\ufffd\ufffd \ufffd\ufffd\ufffdǴ\ufffd NH\ufffd\ufffd\ufffd\ufffdī\ufffd\ufffd ī\ufffd\ufffd\ufffd\ufffd\ufffd\ufffd\ufffd\ufffd\ufffd㼾\ufffd\ufffd(1644-4000)\ufffd\ufffd\ufffd\ufffd \ufffd\ufffd\ufffd\ufffd \ufffd\ufffdŹ\ufffd帳\ufffdϴ\ufffd.\u003c/td\u003e\r\n\t\t\t\t\t\t\t\u003c/tr\u003e\r\n\t\t\t\t\t\t\u003c/table\u003e\r\n                   \t\u003c/td\u003e\r\n                    \u003ctd width=\"15\"\u003e\u003c/td\u003e\r\n                \u003c/tr\u003e\r\n\t\t\t\t\u003c!--2016.05.02 \ufffd\ufffdȿ\ufffd\ufffd\ufffdѵ\ufffd\ufffd\ufffd \ufffd߰\ufffd \ufffd\ufffd--\u003e\r\n                \u003ctr\u003e\r\n                \t\u003ctd width=\"15\"\u003e\u003c/td\u003e\r\n                   \t\u003ctd width=\"590\" align=\"left\" style=\"padding-top:5px;\"\u003e\r\n                    \t\u003ctable cellspacing=\"0\" cellpadding=\"0\" border=\"0\" width=\"590\" style=\"border-collapse:collapse; font:12px Dotum;color:#737373; line-height:16px;\"\u003e\r\n                            \u003ctr\u003e\r\n                            \t\u003ctd style=\"padding:20px 20px;\" align=\"center\"\u003e\r\n                            \t\u003cimg src=\"https://card.nonghyup.com/images/mail/card/e-mail/mail_20140717_03.gif\" title=\"\ufffd\ufffd\ufffd\ufffd\ufffd\ufffd\ufffd\ufffd \ufffd\ufffd\ufffd\ufffd\ufffdϴ\ufffd NH\ufffd\ufffd\ufffd\ufffdī\ufffd尡 \ufffd\ufffd\ufffd\ufffd\ufffd\ufffd\ufffd\ufffd \ufffd\ufffd\ufffd\ufffd\ufffd\ufffd \ufffd\ufffd\ufffd\ufffd\ufffdϿ\ufffd \ufffd\ufffd\ufffd\ufffd\ufffdε\ufffd \ufffd\ufffd\ufffd\ufffd \ufffd\ufffd\ufffdο\ufffd \ufffd\ufffd\ufffd񽺿\ufffd \ufffd\ufffd\ufffd\ufffd\ufffd\ufffd\ufffd\ufffd \ufffd\ufffd\ufffd\ufffd \ufffd\ufffd\ufffd\ufffd \ufffd\ufffd\ufffdӵ帳\ufffdϴ\ufffd.\"\u003e\u003c/td\u003e\r\n                            \u003c/tr\u003e\r\n                            \u003ctr\u003e\r\n                              \u003ctd valign=\"top\"\u003e\u003ctable width=\"590\" border=\"0\" cellpadding=\"0\" cellspacing=\"0\" style=\"border-collapse:collapse; font:12px Dotum;color:#737373; line-height:16px;\"\u003e\r\n                            \u003ctr\u003e\r\n                            \t\u003ctd colspan=\"2\" height=\"25px;\"style=\"border-bottom:1px dashed #333333;\"\u003e\r\n                                \u003c/td\u003e\r\n                            \u003c/tr\u003e\r\n                                \u003ctr\u003e\r\n                                  \u003ctd width=\"11\" style=\"padding:16px 0 0 0;\" valign=\"top\"\u003e\u003cimg src=\"https://card.nonghyup.com/images/mail/card/e-mail/mail_incon.gif\"\u003e\u003c/td\u003e\r\n                                  \u003ctd style=\"padding-top:10px;\"\u003e\ufffdſ\ufffdī\ufffd\ufffd \ufffd\ufffd\ufffd\ufffd, \ufffd\ufffd\ufffdƾ\ufffd \ufffd\ufffd \ufffd\ufffd\ufffdԴϴ\ufffd. \u003c/td\u003e\r\n                                \u003c/tr\u003e\r\n                                \u003ctr\u003e\r\n                                  \u003ctd width=\"4\" style=\"padding:16px 0 0 0;\" valign=\"top\"\u003e\u003cimg src=\"https://card.nonghyup.com/images/mail/card/e-mail/mail_incon.gif\"\u003e\u003c/td\u003e\r\n                                  \u003ctd style=\"padding:10px 0 15px 0;\"\u003e\ufffdؿ\ufffd\ufffdű\ufffd\ufffd\ufffd\ufffd\ufffdǰ \ufffd̿\ufffd \ufffd\ufffd \ufffd\ufffd\ufffd\ufffd\ufffd\ufffd \ufffdſ\ufffd\ufffd\ufffd\ufffd\ufffd\ufffd\ufffd \ufffd϶\ufffd\ufffd\ufffd \ufffd\ufffd \ufffdֽ\ufffd\ufffdϴ\ufffd.\u003cbr /\u003e\ufffdؿ\ufffdü\ufffd\ufffd\ufffd\ufffd\ufffd\ufffd : ȸ\ufffd\ufffd\ufffd\ufffd,\r\n\ufffd̿\ufffd\ufffd\ufffdǰ\ufffd\ufffd \ufffd\ufffd\ufffd\ufffd\ufffdݸ\ufffd +\ufffdִ\ufffd 3%(p), \ufffd\ufffd\ufffd\ufffd \ufffdְ\ufffd\ufffdݸ\ufffd(24%) \ufffd̳\ufffd \ufffd\ufffd, \ufffd\ufffdü \ufffd߻\ufffd \ufffd\ufffd\ufffd\ufffd\ufffd\ufffd \ufffd\ufffd\ufffd\ufffd\ufffdݸ\ufffd\ufffd\ufffd \ufffd\ufffd\ufffd\ufffd \ufffd\ufffd\ufffd\ufffd\ufffd\ufffd \ufffdƷ\ufffd\ufffd\ufffd \ufffd\ufffd\ufffd\ufffd \ufffd\ufffd\ufffd\ufffd\ufffd\ufffd\r\n\u003cbr /\u003e- \ufffdϽú\ufffd \ufffdŷ\ufffd \ufffd\ufffdü \ufffd\ufffd : \ufffdŷ\ufffd\ufffd߻\ufffd \ufffd\ufffd\ufffd\ufffd\ufffd\ufffd \ufffdּұⰣ(2\ufffd\ufffd\ufffd\ufffd) \ufffd\ufffd\ufffd\ufffd\ufffd\ufffd\ufffdҺαݸ\ufffd\u003cbr /\u003e- \ufffd\ufffd\ufffd\ufffd\ufffd\ufffd\ufffdҺ\ufffd \ufffdŷ\ufffd \ufffd\ufffdü \ufffd\ufffd : \ufffdŷ\ufffd\ufffd߻\ufffd \ufffd\ufffd\ufffd\ufffd\ufffd\ufffd \ufffd\ufffd\ufffd\ufffd\ufffd\ufffd\r\n\ufffdҺ\ufffd \ufffd\ufffd\ufffd\ufffd\ufffdⰣ\ufffd\ufffd \ufffd\ufffd\ufffd\ufffd\ufffd\ufffd\ufffdҺαݸ\ufffd\u003cbr /\u003e- \ufffd\ufffd \ufffd\ufffd\ufffd\ufffd \ufffd\ufffd\ufffd\ufffd : \ufffd\ufffd\ufffd\ufffd\ufffdݸ\ufffd\ufffd\ufffd \ufffd\ufffd\ufffd\ufffd\ufffd\ufffd \ufffd\ufffd\ufffd\ufffd\ufffd\ufffd\ufffd\ufffd\ufffd\ufffd\ufffd\ufffd\ufffd\ufffd \ufffd\ufffdȣ\ufffd\ufffd\ufffd\ufffd \ufffd\ufffd\ufffd\ufffd\ufffdڱݴ\ufffd\ufffd\ufffd\ufffdݸ\ufffd*\ufffd\ufffd \ufffd\ufffd\ufffd\ufffd\r\n\ufffdݸ\ufffd\ufffd\ufffd\ufffd\ufffd\u003cbr /\u003e* \ufffdѱ\ufffd \ufffd\ufffd\ufffd࿡\ufffd\ufffd \ufffdſ\ufffd \ufffd\ufffdǥ\ufffdϴ\ufffd \ufffd\ufffd\ufffd\ufffd \ufffdֱ\ufffd\ufffd\ufffd \ufffd\ufffd\ufffd\ufffd\ufffd\ufffd \ufffd\ufffd\ufffd\ufffd\ufffd\ufffd\ufffd\ufffd \ufffd\ufffd\ufffd\ufffd\ufffd\ufffd\ufffdմ\ufffd\ufffd\ufffd\ufffdݸ\ufffd(\ufffdűԴ\ufffd\ufffd\ufffd \ufffd\ufffd\ufffd\ufffd)\u003c/td\u003e\r\n                                \u003c/tr\u003e\r\n                              \u003c/table\u003e\u003c/td\u003e\r\n                            \u003c/tr\u003e\r\n                        \u003c/table\u003e\u003c/td\u003e\r\n                    \u003ctd width=\"15\"\u003e\u003c/td\u003e\r\n                \u003c/tr\u003e\r\n            \u003c/table\u003e\r\n        \u003c/td\u003e\r\n\t\t\r\n        \u003ctd bgcolor=\"#204879\" width=\"20\"\u003e\u003c/td\u003e\r\n        \u003ctd width=\"20\"\u003e\u003c/td\u003e\r\n    \u003c/tr\u003e\r\n     \u003ctr\u003e\r\n      \u003ctd  style=\"padding-top:20px;margin:0px; line-height:0px;\"\u003e\u003c/td\u003e\r\n      \u003ctd height=\"20\" colspan=\"3\" bgcolor=\"#204879\"\u003e\u003c/td\u003e\r\n      \u003ctd  style=\"padding-top:20px;margin:0px; line-height:0px;\"\u003e\u003c/td\u003e\r\n    \u003c/tr\u003e\r\n    \u003ctr\u003e\r\n\t\t\u003ctd width=\"20\" style=\"padding:20px 0 15px 0;\"\u003e\u003c/td\u003e\r\n        \u003ctd width=\"660\" colspan=\"3\" style=\"padding:15px 0 15px 25px; line-height:18px;\"\u003e\r\n        \tī\ufffd\ufffd\ufffd\ufffd\ufffd\ufffd\ufffd\ufffd\ufffd㼾\ufffd\ufffd : NH\ufffd\ufffd\ufffd\ufffdī\ufffd\ufffd 1644-4000 | \u003ca href=\"https://card.nonghyup.com/servlet/content/ip/ec/IPEC0001M.thtml\" target=\"_blank\" title=\"\ufffd\ufffd\ufffd\ufffd\ufffd\ufffd\ufffd\ufffd \ufffdٷΰ\ufffd\ufffd\ufffd\"\u003e\ufffd\ufffd\ufffd\ufffd\ufffd\ufffd\ufffd\ufffd \ufffdٷΰ\ufffd\ufffd\ufffd\u003c/a\u003e | \u003ca href=\"https://card.nonghyup.com\" target=\"_blank\" title=\"\"\u003eȨ\ufffd\ufffd\ufffd\ufffd\ufffd\ufffd \ufffdٷΰ\ufffd\ufffd\ufffd\u003c/a\u003e\u003cbr/\u003e\r\n            \ufffd\ufffd\ufffd\ufffd\ufffd\ufffd \ufffd߱\ufffd \ufffd\ufffd\ufffdϷ\ufffd 120(\ufffd߱\ufffd \ufffd\ufffd\ufffd\ufffd\ufffd\ufffd1\ufffd\ufffd) \ufffd\ufffd\ufffd\ufffd\ufffd߾\ufffdȸ \ufffdŰ\ufffd | \ufffd\ufffd\ufffd\ufffd\ufffdڹ\ufffdȣ 104-86-39742\u003cbr /\u003e\r\n            Copyright (C) 2015 by NHcard All rights Reserved.\r\n        \u003c/td\u003e\r\n        \u003ctd width=\"20\" style=\"padding:20px 0 15px 0;\"\u003e\u003c/td\u003e\r\n\t\u003c/tr\u003e\r\n\u003c/table\u003e\r\n\u003ctbody\u003e\r\n\u003c/div\u003e\r\n\u003c!-- End Save for Web Slices --\u003e\r\n\u003c/body\u003e\r\n\u003c/html\u003e\r\n"
}