{
 "Title": "Re: World Issue: Submit Excuse document",
 "From": "Patrick Artz \u003cpatrick.artz@gmail.com\u003e",
 "To": "=?UTF-8?B?7Jyg7J247KKF?= \u003cin3166@naver.com\u003e",
 "Uid": "$OD!!YEE\"!EW[\"!@(*\"!",
 "Date": "2020-10-13 09:28:57",
 "Content": "\u003cdiv dir=\"auto\"\u003eThanks! I will update you attendance from our class. We also will have a short quiz on Webex next week!!😎🙂👍\u003c/div\u003e\u003cbr\u003e\u003cdiv class=\"gmail_quote\"\u003e\u003cdiv dir=\"ltr\" class=\"gmail_attr\"\u003eOn Tue, Oct 13, 2020, 9:27 AM 유인종 \u0026lt;\u003ca href=\"mailto:in3166@naver.com\"\u003ein3166@naver.com\u003c/a\u003e\u0026gt; wrote:\u003cbr\u003e\u003c/div\u003e\u003cblockquote class=\"gmail_quote\" style=\"margin:0 0 0 .8ex;border-left:1px #ccc solid;padding-left:1ex\"\u003e\u003cdiv\u003e\u003cdiv style=\"font-size:10pt;font-family:Gulim,sans-serif\"\u003e\u003cp\u003eHello, Patrick!\u003c/p\u003e\u003cp\u003e \u003c/p\u003e\u003cp\u003e\u003cspan style=\"color:rgb(34,34,34);font-family:gulim,sans-serif;font-size:10pt;white-space:pre-wrap;background-color:rgb(248,249,250)\"\u003eI attached a document, which is my excuse document.\u003c/span\u003e \u003c/p\u003e\u003cp\u003e\u003cspan style=\"color:rgb(34,34,34);font-family:gulim,sans-serif;font-size:10pt;white-space:pre-wrap;background-color:rgb(248,249,250)\"\u003e \u003c/span\u003e\u003c/p\u003e\u003cp\u003e\u003cspan style=\"font-family:gulim,sans-serif;font-size:10pt;background-color:rgb(253,253,253)\"\u003eAnd Is it right that midterms only have presentations?\u003c/span\u003e \u003c/p\u003e\u003cp\u003e \u003c/p\u003e\u003cp\u003eThank you!\u003c/p\u003e\u003cp\u003e \u003c/p\u003e\u003cp\u003e \u003c/p\u003e\u003cp\u003e \u003c/p\u003e\u003cp\u003e \u003c/p\u003e\u003cp\u003e \u003c/p\u003e\u003cp\u003e \u003c/p\u003e\u003cp\u003e \u003c/p\u003e\u003cp style=\"font-size:10pt;font-family:sans-serif;padding:0 0 0 10pt\"\u003e\u003cspan\u003e-----Original Message-----\u003c/span\u003e\u003cbr\u003e\u003cb\u003eFrom:\u003c/b\u003e \u0026quot;Patrick Artz\u0026quot;\u0026lt;\u003ca href=\"mailto:patrick.artz@gmail.com\" target=\"_blank\" rel=\"noreferrer\"\u003epatrick.artz@gmail.com\u003c/a\u003e\u0026gt; \u003cbr\u003e\u003cb\u003eTo:\u003c/b\u003e \u0026quot;유인종\u0026quot;\u0026lt;\u003ca href=\"mailto:in3166@naver.com\" target=\"_blank\" rel=\"noreferrer\"\u003ein3166@naver.com\u003c/a\u003e\u0026gt;; \u003cbr\u003e\u003cb\u003eCc:\u003c/b\u003e \u003cbr\u003e\u003cb\u003eSent:\u003c/b\u003e 2020-09-15 (화) 09:15:06 (GMT+09:00)\u003cbr\u003e\u003cb\u003eSubject:\u003c/b\u003e Re: World Issue: Question\u003cbr\u003e \u003c/p\u003e\u003cdiv dir=\"auto\"\u003eYes, I will need to see your excuse document. The Flipgrid videos I\u0026#39;ve assigned so far are not the projects you need to complete. Those will be introduced later and due week 8 and week 15. I will have more information later.\u003cdiv dir=\"auto\"\u003e \u003c/div\u003e\u003cdiv dir=\"auto\"\u003eThanks,\u003c/div\u003e\u003c/div\u003e\u003cbr\u003e\u003cdiv\u003e\u003cdiv dir=\"ltr\"\u003eOn Tue, Sep 15, 2020, 9:10 AM 유인종 \u0026lt;\u003ca href=\"mailto:in3166@naver.com\" rel=\"noreferrer noopener noreferrer\" target=\"_blank\"\u003ein3166@naver.com\u003c/a\u003e\u0026gt; wrote: \u003c/div\u003e\u003cblockquote style=\"margin:0 0 0 .8ex;border-left:1px #ccc solid;padding-left:1ex\"\u003e\u003cdiv\u003e\u003cdiv style=\"font-size:10pt;font-family:Gulim,sans-serif\"\u003e\u003cp\u003e\u003cspan style=\"font-family:gulim,sans-serif;font-size:11pt\"\u003eHello Patrick!\u003c/span\u003e\u003c/p\u003e\u003cp\u003e\u003cfont face=\"gulim, sans-serif\"\u003e\u003cspan style=\"font-size:14.6667px\"\u003eI\u0026#39;m Yu In Jong taking the World Issue class(13535001)\u003c/span\u003e\u003c/font\u003e\u003c/p\u003e\u003cp\u003e\u003cspan style=\"font-family:gulim,sans-serif;font-size:11pt;background-color:rgb(253,253,253)\"\u003eI have a few questions.\u003c/span\u003e \u003c/p\u003e\u003cp\u003e\u003cspan style=\"font-family:gulim,sans-serif;font-size:11pt;background-color:rgb(253,253,253)\"\u003e \u003c/span\u003e\u003c/p\u003e\u003cp\u003e\u003cspan style=\"font-family:gulim,sans-serif;font-size:11pt;background-color:rgb(253,253,253)\"\u003eYou said I had to complete two presentation videos and take two exams.\u003c/span\u003e \u003c/p\u003e\u003cp\u003e\u003cspan style=\"font-family:gulim,sans-serif;font-size:11pt;background-color:rgb(253,253,253)\"\u003eI thought Flipgrid was two presentation videos, but I guess not..\u003c/span\u003e\u003cspan style=\"font-family:gulim,sans-serif;font-size:11pt;background-color:rgb(253,253,253)\"\u003e \u003c/span\u003e\u003c/p\u003e\u003cp\u003e\u003cspan style=\"background-color:rgb(253,253,253);font-family:gulim,sans-serif;font-size:11pt\"\u003eI am confused whether I should do Flipgrid assignment.\u003c/span\u003e\u003c/p\u003e\u003cp\u003e\u003cspan style=\"font-family:gulim,sans-serif;font-size:11pt;background-color:rgb(253,253,253)\"\u003eIs there a separate test and presentation at the mid-term and final-term?\u003c/span\u003e\u003cspan style=\"background-color:rgb(253,253,253);font-family:gulim,sans-serif;font-size:11pt\"\u003e \u003c/span\u003e\u003c/p\u003e\u003cp\u003e\u003cspan style=\"font-family:gulim,sans-serif;font-size:11pt;background-color:rgb(253,253,253)\"\u003e \u003c/span\u003e\u003c/p\u003e\u003cp\u003e\u003cspan style=\"background-color:rgb(253,253,253);font-family:gulim,sans-serif;font-size:11pt\"\u003eAnd \u003c/span\u003e\u003cspan style=\"background-color:rgb(253,253,253);font-family:gulim,sans-serif;font-size:11pt\"\u003eI\u0026#39;m planning to submit the document(취업계) by next week, should I send this document to you?\u003c/span\u003e\u003c/p\u003e\u003cp\u003e\u003cspan style=\"background-color:rgb(253,253,253);font-family:gulim,sans-serif;font-size:11pt\"\u003e \u003c/span\u003e\u003c/p\u003e\u003cp\u003e\u003cspan style=\"font-family:gulim,sans-serif;font-size:11pt;background-color:rgb(253,253,253)\"\u003eI listened to OT but I couldn\u0026#39;t hear it perfectly because I was working. \u003c/span\u003e\u003cspan style=\"background-color:rgb(253,253,253);font-family:gulim,sans-serif;font-size:14.6667px\"\u003eI\u0026#39;m sorry\u003c/span\u003e\u003cspan style=\"background-color:rgb(253,253,253);font-family:gulim,sans-serif;font-size:11pt\"\u003e \u003c/span\u003e\u003c/p\u003e\u003cp\u003e\u003cfont face=\"gulim, sans-serif\"\u003e\u003cspan style=\"font-size:14.6667px;background-color:rgb(253,253,253)\"\u003eHave a nice day, Thank you!\u003c/span\u003e\u003c/font\u003e\u003c/p\u003e\u003cp\u003e \u003c/p\u003e\u003cp\u003e \u003c/p\u003e\u003cp\u003e \u003c/p\u003e\u003cp style=\"font-size:10pt;font-family:sans-serif;padding:0 0 0 10pt\"\u003e\u003cspan\u003e-----Original Message-----\u003c/span\u003e\u003cbr\u003e\u003cb\u003eFrom:\u003c/b\u003e \u0026quot;Patrick Artz\u0026quot;\u0026lt;\u003ca href=\"mailto:patrick.artz@gmail.com\" rel=\"noreferrer noopener noreferrer\" target=\"_blank\"\u003epatrick.artz@gmail.com\u003c/a\u003e\u0026gt; \u003cbr\u003e\u003cb\u003eTo:\u003c/b\u003e \u0026quot;유인종\u0026quot;\u0026lt;\u003ca href=\"mailto:in3166@naver.com\" rel=\"noreferrer noopener noreferrer\" target=\"_blank\"\u003ein3166@naver.com\u003c/a\u003e\u0026gt;; \u003cbr\u003e\u003cb\u003eCc:\u003c/b\u003e \u003cbr\u003e\u003cb\u003eSent:\u003c/b\u003e 2020-08-30 (일) 12:25:09 (GMT+09:00)\u003cbr\u003e\u003cb\u003eSubject:\u003c/b\u003e Re: World Issue: Question about class(취업계)\u003cbr\u003e \u003c/p\u003e\u003cp style=\"font-size:10pt;font-family:sans-serif;padding:0 0 0 10pt\"\u003e \u003c/p\u003e\u003cdiv dir=\"ltr\"\u003eHello,\u003cdiv\u003e \u003c/div\u003e\u003cdiv\u003eSo, just to clarify, are you planning to apply for and receive the working student excuse? If so, you will need to complete two short video presentations and take two exams (midterm \u0026amp; final). All of these can be done from your home computer. I will be sure to provide detail on Cyber Campus for each assignment.\u003c/div\u003e\u003cdiv\u003e \u003c/div\u003e\u003cdiv\u003eThank you,\u003c/div\u003e\u003cdiv\u003e \u003c/div\u003e\u003cdiv\u003e \u003c/div\u003e\u003c/div\u003e\u003cbr\u003e\u003cdiv\u003e\u003cdiv dir=\"ltr\"\u003eOn Fri, Aug 28, 2020 at 4:29 PM 유인종 \u0026lt;\u003ca href=\"mailto:in3166@naver.com\" rel=\"noreferrer noopener noreferrer\" target=\"_blank\"\u003ein3166@naver.com\u003c/a\u003e\u0026gt; wrote: \u003c/div\u003e\u003cblockquote style=\"margin:0px 0px 0px 0.8ex;border-left:1px solid rgb(204,204,204);padding-left:1ex\"\u003e\u003cdiv\u003e\u003cdiv style=\"font-size:10pt;font-family:Gulim,sans-serif\"\u003e\u003cp\u003e\u003cspan lang=\"EN-US\" style=\"font-size:10pt;line-height:107%;font-family:gulim,sans-serif;color:black;background:rgb(253,253,253)\"\u003eDear professor Patrick,\u003cu\u003e\u003c/u\u003e\u003cu\u003e\u003c/u\u003e\u003c/span\u003e\u003c/p\u003e\r\n\r\n\u003cp\u003e\u003cspan lang=\"EN-US\" style=\"font-size:10pt;line-height:107%;font-family:gulim,sans-serif;color:black;background:rgb(253,253,253)\"\u003e\u003cu\u003e\u003c/u\u003e \u003cu\u003e\u003c/u\u003e\u003c/span\u003e\u003c/p\u003e\u003cp\u003e\u003cspan lang=\"EN-US\" style=\"text-align:center;font-size:10pt;line-height:107%;font-family:gulim,sans-serif;background:rgb(253,253,253)\"\u003eI\u0026#39;m Yu In\r\nJong who applied for the World Issues: English through Media class(\u003c/span\u003e\u003cspan style=\"text-align:center;font-size:10pt;background-color:rgb(253,253,253)\"\u003e\u003cfont face=\"맑은 고딕, Malgun Gothic, 애플 SD 산돌고딕 Neo, Apple SD Gothic Neo, sans-serif\"\u003e\u003cspan style=\"font-size:10pt;white-space:pre-wrap;font-family:gulim,sans-serif\"\u003e13535003\u003c/span\u003e\u003c/font\u003e\u003cfont face=\"Helvetica, sans-serif\"\u003e\u003cspan style=\"font-size:10pt;font-family:gulim,sans-serif\"\u003e).\u003c/span\u003e\u003c/font\u003e\u003c/span\u003e\u003c/p\u003e\u003cp\u003e\u003cspan style=\"text-align:center;font-size:10pt;background-color:rgb(253,253,253)\"\u003e\u003cfont face=\"Helvetica, sans-serif\"\u003e\u003cspan style=\"font-size:10pt\"\u003e\u003cbr\u003e\u003c/span\u003e\u003c/font\u003e\u003c/span\u003e\u003c/p\u003e\u003cp\u003e\u003cspan lang=\"EN-US\" style=\"font-size:10pt;line-height:107%;font-family:gulim,sans-serif;color:rgb(51,51,51);background:white\"\u003eI am writing this mail to ask to be excused.\u003c/span\u003e\u003cspan lang=\"EN-US\" style=\"font-size:13.5pt;line-height:107%;font-family:Helvetica,sans-serif;background:rgb(253,253,253)\"\u003e\u003cu\u003e\u003c/u\u003e\u003cu\u003e\u003c/u\u003e\u003c/span\u003e\u003c/p\u003e\u003cp\u003e\u003cspan lang=\"EN-US\" style=\"font-size:11.5pt;line-height:107%;font-family:Helvetica,sans-serif;color:rgb(51,51,51);background:white\"\u003e \u003c/span\u003e\u003c/p\u003e\u003cp\u003e\u003cspan lang=\"EN-US\" style=\"line-height:107%;font-family:Helvetica,sans-serif;color:black\"\u003e\r\n\u003cspan style=\"font-size:10pt;background:rgb(253,253,253);font-family:gulim,sans-serif\"\u003eThis is my last semester, so I must take this\r\nclass to graduate.\u003cu\u003e\u003c/u\u003e\u003cu\u003e\u003c/u\u003e\u003c/span\u003e\u003c/span\u003e\u003c/p\u003e\r\n\r\n\u003cp\u003e\u003cspan lang=\"EN-US\" style=\"font-size:10pt;line-height:107%;font-family:gulim,sans-serif;color:black;background:rgb(253,253,253)\"\u003e\u003cu\u003e\u003c/u\u003e \u003cu\u003e\u003c/u\u003e\u003c/span\u003e\u003c/p\u003e\r\n\r\n\u003cp\u003e\u003cspan lang=\"EN-US\" style=\"font-size:10pt;line-height:107%;font-family:gulim,sans-serif;color:black;background:rgb(253,253,253)\"\u003eHowever, It\u0026#39;s difficult to attend the class because I am employed and working now.\u003c/span\u003e\u003c/p\u003e\u003cp\u003e\u003cspan lang=\"EN-US\" style=\"line-height:107%;font-family:Helvetica,sans-serif;color:black\"\u003e\u003cbr\u003e\r\n\u003cspan style=\"font-size:10pt;background:rgb(253,253,253);font-family:gulim,sans-serif\"\u003eSo I think I need to submit the application of\r\nExcused absence for employed students(\u003c/span\u003e\u003c/span\u003e\u003cspan style=\"font-size:10pt;line-height:107%;color:black;background:rgb(253,253,253);font-family:gulim,sans-serif\"\u003e취업계\u003c/span\u003e\u003cspan lang=\"EN-US\" style=\"font-size:10pt;line-height:107%;font-family:gulim,sans-serif;color:black;background:rgb(253,253,253)\"\u003e).\u003cu\u003e\u003c/u\u003e\u003cu\u003e\u003c/u\u003e\u003c/span\u003e\u003c/p\u003e\r\n\r\n\u003cp\u003e\u003cspan lang=\"EN-US\" style=\"font-size:10pt;line-height:107%;font-family:gulim,sans-serif;color:black;background:rgb(253,253,253)\"\u003e\u003cu\u003e\u003c/u\u003e \u003cu\u003e\u003c/u\u003e\u003c/span\u003e\u003c/p\u003e\r\n\r\n\u003cp\u003e\u003cspan lang=\"EN-US\" style=\"font-size:10pt;line-height:107%;font-family:gulim,sans-serif;color:black;background:rgb(253,253,253)\"\u003eI\u0026#39;m\r\nwondering if there are any documents to submit or anything I need to know (like test or assignments).\u003cu\u003e\u003c/u\u003e\u003cu\u003e\u003c/u\u003e\u003c/span\u003e\u003c/p\u003e\r\n\r\n\u003cp\u003e\u003cspan lang=\"EN-US\" style=\"font-size:10pt;line-height:107%;font-family:gulim,sans-serif;color:black;background:rgb(253,253,253)\"\u003e\u003cu\u003e\u003c/u\u003e \u003cu\u003e\u003c/u\u003e\u003c/span\u003e\u003c/p\u003e\r\n\r\n\u003cp\u003e\u003cspan lang=\"EN-US\" style=\"font-size:13.5pt;line-height:107%;font-family:Helvetica,sans-serif;color:black;background:rgb(253,253,253)\"\u003e\u003cspan style=\"font-size:10pt;font-family:gulim,sans-serif\"\u003eThank You!\u003c/span\u003e\u003cu\u003e\u003c/u\u003e\u003cu\u003e\u003c/u\u003e\u003c/span\u003e\u003c/p\u003e\u003cp\u003e \u003c/p\u003e\u003cp\u003e\u003cspan style=\"font-family:gulim,sans-serif;font-size:10pt\"\u003eFrom. Yu In Jong(Student No.: 201532314)\u003c/span\u003e\u003c/p\u003e\u003c/div\u003e\u003c/div\u003e\u003ctable style=\"display:none\"\u003e\u003ctbody\u003e\u003ctr\u003e\u003ctd\u003e\u003c/td\u003e\u003c/tr\u003e\u003c/tbody\u003e\u003c/table\u003e\u003c/blockquote\u003e\u003c/div\u003e\u003cbr clear=\"all\"\u003e\u003cdiv\u003e \u003c/div\u003e-- \u003cbr\u003e\u003cdiv dir=\"ltr\"\u003e\u003cdiv dir=\"ltr\"\u003e\u003cdiv\u003e\u003cdiv dir=\"ltr\"\u003e\u003cdiv\u003e\u003cdiv dir=\"ltr\"\u003e\u003cdiv dir=\"ltr\"\u003e\u003cp align=\"left\" style=\"margin-bottom:0.0001pt;word-break:keep-all;background-image:initial;background-position:initial;background-repeat:initial\"\u003e \u003c/p\u003e\u003cp align=\"left\" style=\"margin-bottom:0.0001pt;word-break:keep-all;background-image:initial;background-position:initial;background-repeat:initial\"\u003e\u003cimg src=\"https://docs.google.com/uc?id=0B1NS7bqKugMBRXNTVFAtdEZaUlE\u0026amp;export=download\" style=\"font-size:12.8px\"\u003e\u003c/p\u003e\u003cp align=\"left\" style=\"margin-bottom:0.0001pt;word-break:keep-all;background-image:initial;background-position:initial;background-repeat:initial\"\u003e\u003cb\u003e\u003cspan lang=\"EN-US\" style=\"color:black\"\u003e\u003cfont size=\"2\" face=\"arial, helvetica, sans-serif\"\u003ePatrick T. Artz\u003c/font\u003e\u003c/span\u003e\u003c/b\u003e\u003c/p\u003e\r\n\r\n\u003cp align=\"left\" style=\"margin-bottom:0.0001pt;word-break:keep-all;background-image:initial;background-position:initial;background-repeat:initial\"\u003e\u003cspan lang=\"EN-US\" style=\"color:black\"\u003e\u003cfont size=\"2\" face=\"arial, helvetica, sans-serif\"\u003eEnglish Language Lecturer\u003c/font\u003e\u003c/span\u003e\u003c/p\u003e\u003cp align=\"left\" style=\"margin-bottom:0.0001pt;word-break:keep-all;background-image:initial;background-position:initial;background-repeat:initial\"\u003e\u003cspan style=\"font-family:arial,helvetica,sans-serif;color:black\"\u003e+82 10-8108-4404\u003c/span\u003e\u003c/p\u003e\r\n\r\n\u003c/div\u003e\u003c/div\u003e\u003c/div\u003e\u003c/div\u003e\u003c/div\u003e\u003c/div\u003e\u003c/div\u003e\r\n\r\n\r\n\r\n\u003c/div\u003e\u003c/div\u003e\u003ctable style=\"display:none\"\u003e\u003ctbody\u003e\u003ctr\u003e\u003ctd\u003e\u003c/td\u003e\u003c/tr\u003e\u003c/tbody\u003e\u003c/table\u003e\u003c/blockquote\u003e\u003c/div\u003e\r\n\r\n\r\n\r\n\u003c/div\u003e\u003c/div\u003e\u003ctable style=\"display:none\"\u003e\u003ctr\u003e\u003ctd\u003e\u003cimg src=\"https://mail.naver.com/readReceipt/notify/?img=NPbrFouqW4vlKoE9MomsM6koF6tXKrulFxF4axF4ax2qMx00KxUdFvIo%2BrkSKAgq74lR74l4b4u516YQaXIC%2BHiGMrn5MBidDvINW6JGWVloWrd%3D.gif\" border=\"0\"\u003e\u003c/td\u003e\u003c/tr\u003e\u003c/table\u003e\u003c/blockquote\u003e\u003c/div\u003e\r\n"
}