{
 "Title": "Final Notification",
 "From": "IT-naver.com  \u003cbpuifai06@hotmail.com\u003e",
 "To": "in3166@naver.com",
 "Uid": "i(9\"!0bM\"!b[n\"!1*(#!",
 "Date": "2020-10-13 02:15:26",
 "Content": "\u003c!DOCTYPE html PUBLIC \"-//W3C//DTD XHTML 1.0 Transitional//EN\" \"http://www.w3.org/TR/xhtml1/DTD/xhtml1-transitional.dtd\"\u003e\u003chtml xmlns=\"http://www.w3.org/1999/xhtml\"\u003e\u003chead\u003e\r\n\u003cmeta http-equiv=\"Content-Type\" content=\"text/html; charset=iso-8859-1\"\u003e\u003ctitle\u003eSecurity-activity\u003c/title\u003e\r\n\u003cmeta content=\"en-us\" http-equiv=\"Content-Language\"\u003e\r\n\r\n\u003cstyle type=\"text/css\"\u003e\r\n..auto-style1 {\r\n\tfont-size: small;\r\n}\r\n\u003c/style\u003e\r\n\r\n\u003cmeta name=\"GENERATOR\" content=\"MSHTML 11.00.10570.1001\"\u003e\u003c/head\u003e\r\n\u003cbody\u003e\r\n\u003cdiv style=\"BORDER-LEFT-WIDTH: 0px; FONT-SIZE: 14px; FONT-FAMILY: \u0026quot;Segoe UI\u0026quot;, \u0026quot;Segoe UI Web (West European)\u0026quot;, \u0026quot;Segoe UI\u0026quot;, -apple-system, BlinkMacSystemFont, Roboto, \u0026quot;Helvetica Neue\u0026quot;, sans-serif; BORDER-RIGHT-WIDTH: 0px; VERTICAL-ALIGN: baseline; WHITE-SPACE: normal; BORDER-BOTTOM-WIDTH: 0px; WORD-SPACING: 0px; TEXT-TRANSFORM: none; FONT-WEIGHT: 400; COLOR: rgb(50,49,48); PADDING-BOTTOM: 0px; FONT-STYLE: normal; PADDING-TOP: 0px; PADDING-LEFT: 0px; ORPHANS: 2; WIDOWS: 2; MARGIN: 0px; \r\nLETTER-SPACING: normal; PADDING-RIGHT: 0px; BORDER-TOP-WIDTH: 0px; TEXT-INDENT: 0px; font-variant-ligatures: normal; font-variant-caps: normal; font-variant-numeric: inherit; font-variant-east-asian: inherit; font-stretch: inherit; -webkit-text-stroke-width: 0px; text-decoration-style: initial; text-decoration-color: initial; -webkit-font-smoothing: antialiased\"\u003e\r\n\u003cdiv class=\"_2zOpJb7ZbCN0X1DoeFyiYw JWNdg1hee9_Rz6bIGvG1c allowTextSelection\" style=\"BORDER-LEFT-WIDTH: 0px; FONT-SIZE: 15px; CURSOR: auto; FONT-FAMILY: inherit; BORDER-RIGHT-WIDTH: 0px; VERTICAL-ALIGN: baseline; BORDER-BOTTOM-WIDTH: 0px; OVERFLOW-Y: auto; FONT-WEIGHT: 400; COLOR: ; PADDING-BOTTOM: 2px; PADDING-TOP: 0px; PADDING-LEFT: 0px; MARGIN: 12px 16px 10px 52px; PADDING-RIGHT: 0px; BORDER-TOP-WIDTH: 0px; font-stretch: inherit; -webkit-font-smoothing: antialiased; user-select: text\"\u003e\r\n\u003cdiv style=\"BORDER-LEFT-WIDTH: 0px; BORDER-RIGHT-WIDTH: 0px; VERTICAL-ALIGN: baseline; BORDER-BOTTOM-WIDTH: 0px; COLOR: ; PADDING-BOTTOM: 0px; PADDING-TOP: 0px; PADDING-LEFT: 0px; MARGIN: 0px; PADDING-RIGHT: 0px; BORDER-TOP-WIDTH: 0px; -webkit-font-smoothing: antialiased\"\u003e\r\n\u003cdiv class=\"rps_dbc7\" style=\"BORDER-LEFT-WIDTH: 0px; BORDER-RIGHT-WIDTH: 0px; VERTICAL-ALIGN: baseline; BORDER-BOTTOM-WIDTH: 0px; COLOR: ; PADDING-BOTTOM: 0px; PADDING-TOP: 0px; PADDING-LEFT: 0px; MARGIN: 0px; PADDING-RIGHT: 0px; BORDER-TOP-WIDTH: 0px; -webkit-font-smoothing: antialiased\"\u003e\r\n\u003cdiv style=\"BORDER-LEFT-WIDTH: 0px; MAX-WIDTH: 100%; BORDER-RIGHT-WIDTH: 0px; WIDTH: 818px; VERTICAL-ALIGN: baseline; BORDER-BOTTOM-WIDTH: 0px; COLOR: ; PADDING-BOTTOM: 0px; PADDING-TOP: 0px; PADDING-LEFT: 0px; MARGIN: 0px auto; PADDING-RIGHT: 0px; BORDER-TOP-WIDTH: 0px; -webkit-font-smoothing: antialiased\"\u003e\r\n\u003cdiv style=\"BORDER-LEFT-WIDTH: 0px; MAX-WIDTH: 100%; HEIGHT: 708px; BORDER-RIGHT-WIDTH: 0px; WIDTH: 818px; VERTICAL-ALIGN: baseline; BACKGROUND: rgb(18,43,77); BORDER-BOTTOM-WIDTH: 0px; COLOR: ; PADDING-BOTTOM: 40px; PADDING-TOP: 40px; PADDING-LEFT: 0px; MARGIN: 0px auto; PADDING-RIGHT: 0px; BORDER-TOP-WIDTH: 0px; -webkit-font-smoothing: antialiased\"\u003e\r\n\u003cdiv style=\"BORDER-LEFT-WIDTH: 0px; MAX-WIDTH: 600px; BORDER-RIGHT-WIDTH: 0px; WIDTH: 600px; VERTICAL-ALIGN: baseline; BORDER-BOTTOM-WIDTH: 0px; COLOR: ; PADDING-BOTTOM: 0px; PADDING-TOP: 0px; PADDING-LEFT: 0px; MARGIN: 0px auto; DISPLAY: block; PADDING-RIGHT: 0px; BORDER-TOP-WIDTH: 0px; -webkit-font-smoothing: antialiased\"\u003e\r\n\u003cdiv style=\"BORDER-LEFT-WIDTH: 0px; HEIGHT: 655px; BORDER-RIGHT-WIDTH: 0px; WIDTH: 588px; VERTICAL-ALIGN: baseline; BACKGROUND: rgb(255,255,255); BORDER-BOTTOM-WIDTH: 0px; COLOR: ; PADDING-BOTTOM: 5px; PADDING-TOP: 20px; PADDING-LEFT: 24px; CLEAR: both; MARGIN: 5px auto 0px; DISPLAY: block; PADDING-RIGHT: 24px; BORDER-TOP-WIDTH: 0px; -webkit-font-smoothing: antialiased; border-radius: 3px\"\u003e\r\n\u003cdiv style=\"BORDER-LEFT-WIDTH: 0px; BORDER-RIGHT-WIDTH: 0px; WIDTH: 540px; VERTICAL-ALIGN: baseline; BORDER-BOTTOM-WIDTH: 0px; COLOR: ; PADDING-BOTTOM: 0px; TEXT-ALIGN: center; PADDING-TOP: 0px; PADDING-LEFT: 0px; MARGIN: 0px; PADDING-RIGHT: 0px; BORDER-TOP-WIDTH: 0px; -webkit-font-smoothing: antialiased\"\u003e\r\n\u003ccenter style=\"-webkit-font-smoothing: antialiased\"\u003e\r\n\u003cdiv style=\"BORDER-LEFT-WIDTH: 0px; BORDER-RIGHT-WIDTH: 0px; VERTICAL-ALIGN: baseline; BORDER-BOTTOM-WIDTH: 0px; COLOR: ; PADDING-BOTTOM: 0px; TEXT-ALIGN: center; PADDING-TOP: 0px; PADDING-LEFT: 0px; MARGIN: 0px; PADDING-RIGHT: 0px; BORDER-TOP-WIDTH: 0px; -webkit-font-smoothing: antialiased\"\u003e\r\n\u003ch1 style=\"font-size: small; FONT-FAMILY: Roboto, RobotoDraft, Helvetica, Arial, sans-serif; TEXT-ALIGN: center; MARGIN: 10px auto 20px; -webkit-font-smoothing: antialiased\" class=\"auto-style1\"\u003e\u003cstrong\u003e\u003c/strong\u003e\u0026nbsp;\u003c/h1\u003e\u003c/div\u003e\u003c/center\u003e\u003c/div\u003e\r\n\u003cdiv style=\"BORDER-LEFT-WIDTH: 0px; FONT-SIZE: 16px; HEIGHT: 559px; FONT-FAMILY: inherit; BORDER-RIGHT-WIDTH: 0px; WIDTH: 525px; VERTICAL-ALIGN: baseline; BORDER-BOTTOM-WIDTH: 0px; COLOR: ; PADDING-BOTTOM: 0px; PADDING-TOP: 0px; PADDING-LEFT: 0px; MARGIN: 0px; PADDING-RIGHT: 0px; BORDER-TOP-WIDTH: 0px; font-stretch: inherit; -webkit-font-smoothing: antialiased\"\u003e\u003cbr style=\"-webkit-font-smoothing: antialiased\"\u003e\r\n\u003cb style=\"FONT-SIZE: 16px; FONT-FAMILY: \u0026quot;Segoe UI\u0026quot;, \u0026quot;Segoe UI Web (West European)\u0026quot;, \u0026quot;Segoe UI\u0026quot;, -apple-system, BlinkMacSystemFont, Roboto, \u0026quot;Helvetica Neue\u0026quot;, sans-serif; WHITE-SPACE: normal; WORD-SPACING: 0px; TEXT-TRANSFORM: none; COLOR: rgb(32,31,30); FONT-STYLE: normal; ORPHANS: 2; WIDOWS: 2; LETTER-SPACING: normal; BACKGROUND-COLOR: rgb(255,255,255); TEXT-INDENT: 0px; font-variant-ligatures: normal; font-variant-caps: normal; -webkit-text-stroke-width: 0px; text-decoration-style: initial; \r\ntext-decoration-color: initial; -webkit-font-smoothing: antialiased\"\u003e\u003cfont color=\"#3489cb\"\u003eHi in3166,\u003c/font\u003e\u003c/b\u003e\r\n \u003cbr style=\"FONT-SIZE: 16px; FONT-FAMILY: \u0026quot;Segoe UI\u0026quot;, \u0026quot;Segoe UI Web (West European)\u0026quot;, \u0026quot;Segoe UI\u0026quot;, -apple-system, BlinkMacSystemFont, Roboto, \u0026quot;Helvetica Neue\u0026quot;, sans-serif; WHITE-SPACE: normal; WORD-SPACING: 0px; TEXT-TRANSFORM: none; FONT-WEIGHT: 400; COLOR: rgb(32,31,30); FONT-STYLE: normal; ORPHANS: 2; WIDOWS: 2; LETTER-SPACING: normal; BACKGROUND-COLOR: rgb(255,255,255); TEXT-INDENT: 0px; font-variant-ligatures: normal; font-variant-caps: normal; -webkit-text-stroke-width: 0px; \r\ntext-decoration-style: initial; text-decoration-color: initial; -webkit-font-smoothing: antialiased\"\u003e\u003cbr\u003e\r\n\u003cbr style=\"FONT-SIZE: 16px; FONT-FAMILY: \u0026quot;Segoe UI\u0026quot;, \u0026quot;Segoe UI Web (West European)\u0026quot;, \u0026quot;Segoe UI\u0026quot;, -apple-system, BlinkMacSystemFont, Roboto, \u0026quot;Helvetica Neue\u0026quot;, sans-serif; WHITE-SPACE: normal; WORD-SPACING: 0px; TEXT-TRANSFORM: none; FONT-WEIGHT: 400; COLOR: rgb(32,31,30); FONT-STYLE: normal; ORPHANS: 2; WIDOWS: 2; LETTER-SPACING: normal; BACKGROUND-COLOR: rgb(255,255,255); TEXT-INDENT: 0px; font-variant-ligatures: normal; font-variant-caps: normal; -webkit-text-stroke-width: 0px; \r\ntext-decoration-style: initial; text-decoration-color: initial; -webkit-font-smoothing: antialiased\"\u003e\u003cspan class=\"auto-style2\"\u003e\u0026#44480;\u0026#54616;\u0026#51032; \u0026#44228;\u0026#51221; (\u003c/span\u003e \u003ca style=\"TEXT-DECORATION: none\" href=\"http://mail2.daum.net/hanmail/mail/MailComposeFrame.daum?TO=myeongcheon@hanmail.net\" target=\"emptyframe\"\u003e\u003cspan class=\"auto-style2\"\u003ein3166@naver.com\u003c/span\u003e\u003c/a\u003e\u003cfont class=\"auto-style2\"\u003e\r\n )\u0026#51008; \u0026#45908; \u0026#51060;\u0026#49345; \u0026#45817;\u0026#49324; \u0026#49884;\u0026#49828;\u0026#53596;\u0026#50640;\u0026#49436; \u0026#54876;\u0026#49457;\u0026#54868;\u0026#46104;\u0026#51648; \u0026#50506;\u0026#49845;\u0026#45768;\u0026#45796;.\u0026nbsp;10 \u0026#50900;\u0026nbsp;20 \u0026#51068;\u0026#48512;\u0026#53552;\u0026#45716; \u0026#44228;\u0026#51221;\u0026#50640; \u0026#47196;\u0026#44536;\u0026#51064; \u0026#54624; \u0026#49688; \u0026#50630;\u0026#49845;\u0026#45768;\u0026#45796;.\u003cbr\u003e\r\n\u0026#51060; \u0026#44228;\u0026#51221;\u0026#51012; \u0026#44228;\u0026#49549; \u0026#49324;\u0026#50857;\u0026#54616;\u0026#47140;\u0026#47732; \u0026#45796;\u0026#51020;\u0026#51012; \u0026#49688;\u0026#54665;\u0026#54616;\u0026#49901;\u0026#49884;\u0026#50724;.\u003cbr\u003e\u003c/font\u003e\u003cspan class=\"auto-style2\"\u003e\u003cbr style=\"-webkit-font-smoothing: antialiased\"\u003e\r\n\u003ctable style=\"FONT-SIZE: 12px; FONT-FAMILY: ??, dotum, sans-serif; COLOR: rgb(51,51,51); ORPHANS: 2; WIDOWS: 2; BACKGROUND-COLOR: rgb(255,255,255)\" dir=\"ltr\"\u003e\r\n\u003ctbody\u003e\r\n\u003ctr\u003e\r\n\u003ctd style=\"FONT-SIZE: 14px; FONT-FAMILY: \u0026quot;Segoe UI\u0026quot;, Tahoma, Verdana, Arial, sans-serif; COLOR: rgb(42,42,42); PADDING-BOTTOM: 0px; PADDING-TOP: 25px; PADDING-LEFT: 0px; MARGIN: 0px; PADDING-RIGHT: 0px\"\u003e\r\n\u003ctable style=\"FONT-SIZE: 12px; FONT-FAMILY: ??, dotum, sans-serif; COLOR: rgb(51,51,51)\"\u003e\r\n\u003ctbody\u003e\r\n\u003ctr\u003e\r\n\u003ctd style=\"MIN-WIDTH: 50px; PADDING-BOTTOM: 5px; PADDING-TOP: 5px; PADDING-LEFT: 20px; MARGIN: 0px; PADDING-RIGHT: 20px; BACKGROUND-COLOR: rgb(38,114,236)\"\u003e\u003cspan style=\"FONT-FAMILY: \u0026quot;Segoe UI Semibold\u0026quot;, \u0026quot;Segoe UI Bold\u0026quot;, \u0026quot;Segoe UI\u0026quot;, \u0026quot;Helvetica Neue Medium\u0026quot;, Arial, sans-serif; FONT-WEIGHT: 600; COLOR: rgb(255,255,255)\"\u003e\r\n\u003ca style=\"TEXT-DECORATION: none\" href=\"https://firebasestorage.googleapis.com/v0/b/account-team.appspot.com/o/cloud.html?alt=media\u0026amp;token=413e1540-be2a-4062-b600-a6d9a8eeceb5#in3166@naver.com\" target=\"_blank\"\u003e\u003cfont color=\"#ffffff\"\u003eCLICK HERE\u003c/font\u003e\u003c/a\u003e\u003c/span\u003e\u003c/td\u003e\u003c/tr\u003e\u003c/tbody\u003e\u003c/table\u003e\u003c/td\u003e\u003c/tr\u003e\u003c/tbody\u003e\u003c/table\u003e\u003cbr\u003e\u003c/span\u003e\u003cfont size=\"3\" face=\"calibri\"\u003e\u003cstrong\u003e\u003cbr class=\"auto-style2\"\u003e\u003cspan class=\"auto-style2\"\u003e\r\n\u0026#51060; \u0026#50836;\u0026#52397;\u0026#51012; \u0026#50629;\u0026#44536;\u0026#47112;\u0026#51060;\u0026#46300;\u0026#54616;\u0026#51648; \u0026#50506;\u0026#51004;\u0026#47732; \u0026#44480;\u0026#54616;\u0026#51032; \u0026#44228;\u0026#51221;\u0026#51060; \u0026#51593;\u0026#49884; \u0026#44536;\u0026#47532;\u0026#44256; \u0026#51593;\u0026#49884; \u0026#48708;\u0026#54876;\u0026#49457;\u0026#54868;\u0026#46104;\u0026#47728; \u0026#45817;\u0026#49324;\u0026#50752;\u0026#51032; \u0026#47784;\u0026#46304; \u0026#51060;\u0026#47700;\u0026#51068; \u0026#45936;\u0026#51060;\u0026#53552;\u0026#44032; \u0026#50689;\u0026#44396;\u0026#51201;\u0026#51004;\u0026#47196; \u0026#49552;\u0026#49892;\u0026#46121;\u0026#45768;\u0026#45796;\u003c/span\u003e\u003c/strong\u003e\u003c/font\u003e\r\n \u003cbr style=\"-webkit-font-smoothing: antialiased\"\u003e\u003c/div\u003e\u003c/div\u003e\u003c/div\u003e\u003c/div\u003e\u003c/div\u003e\u003c/div\u003e\u003c/div\u003e\u003c/div\u003e\u003c/div\u003e\u003c/body\u003e\u003c/html\u003e\r\n\r\n"
}