{
 "Title": "질문에 새로운 답변이 등록되었습니다.",
 "From": "네이버 지식iN \u003ckinmaster@kin.naver.com\u003e",
 "To": "\u003cin3166@naver.com\u003e",
 "Uid": "[h:\"!593\"!\\~)\"!k8R!!",
 "Date": "2020-10-13 10:17:03",
 "Content": "\u003c!DOCTYPE html\u003e\n\u003chtml lang=\"ko\"\u003e\n\u003chead\u003e\n\t\u003cmeta charset=\"utf-8\"\u003e\n\t\u003cmeta name=\"viewport\" content=\"width=device-width, initial-scale=1.0, maximum-scale=1.0, minimum-scale=1.0, user-scalable=no, target-densitydpi=medium-dpi, minimal-ui\"\u003e\n\t\u003ctitle\u003e지식iN\u003c/title\u003e\n\n\t\u003cstyle id=\"style-1-cropbar-clipper\"\u003e/* Copyright 2014 Evernote Corporation. All rights reserved. */\n\t.en-markup-crop-options {\n\t\ttop: 18px !important;\n\t\tleft: 50% !important;\n\t\tmargin-left: -100px !important;\n\t\twidth: 200px !important;\n\t\tborder: 2px rgba(255,255,255,.38) solid !important;\n\t\tborder-radius: 4px !important;\n\t}\n\n\t.en-markup-crop-options div div:first-of-type {\n\t\tmargin-left: 0px !important;\n\t}\n\t\u003c/style\u003e\n\u003c/head\u003e\n\u003cbody style=\"margin:0;padding:0\"\u003e\n\u003cdiv style=\"background:#f8f8f9;font-family:AppleSDGothicNeo-Regular,'나눔고딕',NanumGothic,'맑은고딕',Malgun Gothic,dotum,'돋움',Dotum,Helvetica;margin:0;padding:0\"\u003e\n\t\u003cdiv style=\"-webkit-text-size-adjust:none;background:#fff;font-family:AppleSDGothicNeo-Regular,'나눔고딕',NanumGothic,'맑은고딕',Malgun Gothic,dotum,'돋움',Dotum,Helvetica;margin:0 auto;max-width:595px;padding:0;width:100%\"\u003e\n\t\t\u003ctable border=\"0\" cellspacing=\"0\" cellpadding=\"0\" style=\"font-family:AppleSDGothicNeo-Regular,'나눔고딕',NanumGothic,'맑은고딕',Malgun Gothic,dotum,'돋움',Dotum,Helvetica;margin:0;padding:0;width:100%\"\u003e\n\t\t\t\u003ctbody\u003e\u003ctr\u003e\n\t\t\t\t\u003ctd style=\"border-bottom:1px solid #e5e5e5;font-family:AppleSDGothicNeo-Regular,'나눔고딕',NanumGothic,'맑은고딕',Malgun Gothic,dotum,'돋움',Dotum,Helvetica;margin:0;padding:27px 21px 24px\"\u003e\n\t\t\t\t\t\u003ctable border=\"0\" cellpadding=\"0\" cellspacing=\"0\" style=\"font-family:AppleSDGothicNeo-Regular,'나눔고딕',NanumGothic,'맑은고딕',Malgun Gothic,dotum,'돋움',Dotum,Helvetica;margin:0;padding:0;width:100%\"\u003e\n\t\t\t\t\t\t\u003ctbody\u003e\u003ctr\u003e\n\t\t\t\t\t\t\t\u003ctd style=\"color:#696969;font-family:AppleSDGothicNeo-Regular,'나눔고딕',NanumGothic,'맑은고딕',Malgun Gothic,dotum,'돋움',Dotum,Helvetica;font-size:14px;letter-spacing:-1px;line-height:24px;margin:0;padding:0\"\u003e\u003cimg src=\"https://ssl.pstatic.net/static/kin/09renewal/ems/tmp/logo.png\" width=\"62\" alt=\"NAVER\" style=\"border:0;font-family:AppleSDGothicNeo-Regular,'나눔고딕',NanumGothic,'맑은고딕',Malgun Gothic,dotum,'돋움',Dotum,Helvetica;margin:0;padding:0\"\u003e\u003cimg src=\"https://ssl.pstatic.net/static/kin/09renewal/ems/tmp/kin.png\" width=\"30\" alt=\"지식iN\" style=\"border:0;font-family:AppleSDGothicNeo-Regular,'나눔고딕',NanumGothic,'맑은고딕',Malgun Gothic,dotum,'돋움',Dotum,Helvetica;margin:0;margin-left:5px;padding:0\"\u003e\u003c/td\u003e\n\t\t\t\t\t\t\u003c/tr\u003e\n\t\t\t\t\t\t\u003ctr\u003e\n\t\t\t\t\t\t\t\u003ctd height=\"10\" style=\"color:#696969;font-family:AppleSDGothicNeo-Regular,'나눔고딕',NanumGothic,'맑은고딕',Malgun Gothic,dotum,'돋움',Dotum,Helvetica;font-size:14px;letter-spacing:-1px;line-height:24px;margin:0;padding:0\"\u003e\u003c/td\u003e\n\t\t\t\t\t\t\u003c/tr\u003e\n\t\t\t\t\t\t\u003ctr\u003e\n\t\t\t\t\t\t\t\u003ctd style=\"color:#424240;font-family:AppleSDGothicNeo-Regular,'나눔고딕',NanumGothic,'맑은고딕',Malgun Gothic,dotum,'돋움',Dotum,Helvetica;font-size:26px;letter-spacing:-1px;line-height:32px;margin:0;padding:0\"\u003e새로운 답변이\u003cbr\u003e\u003cspan style=\"color:#1ec800\"\u003e등록되었습니다\u003c/span\u003e\u003c/td\u003e\n\t\t\t\t\t\t\u003c/tr\u003e\n\t\t\t\t\t\t\u003c/tbody\u003e\u003c/table\u003e\n\t\t\t\t\u003c/td\u003e\n\t\t\t\u003c/tr\u003e\n\n\t\t\t\u003ctr\u003e\n\t\t\t\t\u003ctd style=\"font-family:AppleSDGothicNeo-Regular,'나눔고딕',NanumGothic,'맑은고딕',Malgun Gothic,dotum,'돋움',Dotum,Helvetica;margin:0;padding:24px 21px 34px\"\u003e\n\t\t\t\t\t\u003ctable border=\"0\" cellpadding=\"0\" cellspacing=\"0\" style=\"font-family:AppleSDGothicNeo-Regular,'나눔고딕',NanumGothic,'맑은고딕',Malgun Gothic,dotum,'돋움',Dotum,Helvetica;margin:0;padding:0;width:100%\"\u003e\n\t\t\t\t\t\t\u003ctbody\u003e\u003ctr\u003e\n\t\t\t\t\t\t\t\u003ctd style=\"color:#696969;font-family:AppleSDGothicNeo-Regular,'나눔고딕',NanumGothic,'맑은고딕',Malgun Gothic,dotum,'돋움',Dotum,Helvetica;font-size:14px;letter-spacing:-1px;line-height:23px;margin:0;padding:0\"\u003e\u003cstrong style=\"font-weight:bold\"\u003e유인종(in31****)\u003c/strong\u003e님, 안녕하세요!\u003cbr\u003e\u003cspan style=\"color:#1ec800\"\u003e지식Q\u0026amp;A 개인망, 인트라넷\u003c/span\u003e 디렉토리에 등록하신 질문에 새 답변이 등록되었습니다.\u003cbr\u003e지금 확인해보시고, 마음에 드는 답변이 있다면 채택해주세요!\u003c/td\u003e\n\t\t\t\t\t\t\u003c/tr\u003e\n\t\t\t\t\t\t\u003ctr\u003e\n\t\t\t\t\t\t\t\u003ctd height=\"20\" style=\"color:#696969;font-family:AppleSDGothicNeo-Regular,'나눔고딕',NanumGothic,'맑은고딕',Malgun Gothic,dotum,'돋움',Dotum,Helvetica;font-size:14px;letter-spacing:-1px;line-height:23px;margin:0;padding:0\"\u003e\u003c/td\u003e\n\t\t\t\t\t\t\u003c/tr\u003e\n\t\t\t\t\t\t\u003ctr\u003e\n\t\t\t\t\t\t\t\u003ctd style=\"border-top:2px solid #424240;color:#696969;font-family:AppleSDGothicNeo-Regular,'나눔고딕',NanumGothic,'맑은고딕',Malgun Gothic,dotum,'돋움',Dotum,Helvetica;font-size:14px;letter-spacing:-1px;line-height:23px;margin:0;padding:0;padding-top:17px\"\u003e\n\t\t\t\t\t\t\t\t\u003ctable border=\"0\" cellpadding=\"0\" cellspacing=\"0\" style=\"font-family:AppleSDGothicNeo-Regular,'나눔고딕',NanumGothic,'맑은고딕',Malgun Gothic,dotum,'돋움',Dotum,Helvetica;margin:0;padding:0;width:100%\"\u003e\n\t\t\t\t\t\t\t\t\t\u003ctbody\u003e\u003ctr\u003e\n\t\t\t\t\t\t\t\t\t\t\u003ctd style=\"color:#696969;font-family:AppleSDGothicNeo-Regular,'나눔고딕',NanumGothic,'맑은고딕',Malgun Gothic,dotum,'돋움',Dotum,Helvetica;font-size:14px;letter-spacing:-1px;line-height:23px;margin:0;padding:0;padding-bottom:17px;padding-top:2px;vertical-align:top;width:20px\"\u003e\u003cimg src=\"https://ssl.pstatic.net/static/kin/09renewal/ems/tmp/ico_q.png\" width=\"15\" alt=\"질문\" style=\"border:0;font-family:AppleSDGothicNeo-Regular,'나눔고딕',NanumGothic,'맑은고딕',Malgun Gothic,dotum,'돋움',Dotum,Helvetica;margin:0;padding:0\"\u003e\u003c/td\u003e\n\t\t\t\t\t\t\t\t\t\t\u003ctd style=\"color:#696969;font-family:AppleSDGothicNeo-Regular,'나눔고딕',NanumGothic,'맑은고딕',Malgun Gothic,dotum,'돋움',Dotum,Helvetica;font-size:14px;letter-spacing:-1px;line-height:23px;margin:0;padding:0;padding-bottom:17px;vertical-align:top\"\u003e\u003cstrong style=\"color:#333;font-size:15px;font-weight:bold\"\u003epop3 프로토콜에 대해서\u003c/strong\u003e\u003c/td\u003e\n\t\t\t\t\t\t\t\t\t\u003c/tr\u003e\n\t\t\t\t\t\t\t\t\t\u003ctr\u003e\n\t\t\t\t\t\t\t\t\t\t\u003ctd colspan=\"2\" style=\"border-top:1px dotted #e5e5e5;color:#696969;font-family:AppleSDGothicNeo-Regular,'나눔고딕',NanumGothic,'맑은고딕',Malgun Gothic,dotum,'돋움',Dotum,Helvetica;font-size:14px;letter-spacing:-1px;line-height:23px;margin:0;padding:0;vertical-align:top\"\u003e\u003c/td\u003e\n\t\t\t\t\t\t\t\t\t\u003c/tr\u003e\n\t\t\t\t\t\t\t\t\t\u003ctr\u003e\n\t\t\t\t\t\t\t\t\t\t\u003ctd height=\"20\" style=\"color:#696969;font-family:AppleSDGothicNeo-Regular,'나눔고딕',NanumGothic,'맑은고딕',Malgun Gothic,dotum,'돋움',Dotum,Helvetica;font-size:14px;letter-spacing:-1px;line-height:23px;margin:0;padding:0;vertical-align:top\"\u003e\u003c/td\u003e\n\t\t\t\t\t\t\t\t\t\u003c/tr\u003e\n\t\t\t\t\t\t\t\t\t\u003ctr\u003e\n\t\t\t\t\t\t\t\t\t\t\u003ctd style=\"color:#696969;font-family:AppleSDGothicNeo-Regular,'나눔고딕',NanumGothic,'맑은고딕',Malgun Gothic,dotum,'돋움',Dotum,Helvetica;font-size:14px;letter-spacing:-1px;line-height:23px;margin:0;padding:0;padding-bottom:18px;padding-top:2px;vertical-align:top;width:20px\"\u003e\u003cimg src=\"https://ssl.pstatic.net/static/kin/09renewal/ems/tmp/ico_a.png\" width=\"15\" alt=\"답변\" style=\"border:0;font-family:AppleSDGothicNeo-Regular,'나눔고딕',NanumGothic,'맑은고딕',Malgun Gothic,dotum,'돋움',Dotum,Helvetica;margin:0;padding:0\"\u003e\u003c/td\u003e\n\t\t\t\t\t\t\t\t\t\t\u003ctd style=\"color:#696969;font-family:AppleSDGothicNeo-Regular,'나눔고딕',NanumGothic,'맑은고딕',Malgun Gothic,dotum,'돋움',Dotum,Helvetica;font-size:14px;letter-spacing:-1px;line-height:23px;margin:0;padding:0;padding-bottom:18px;vertical-align:top\"\u003e\n\t\t\t\t\t\t\t\t\t\t\t\u003cstrong style=\"color:#333;font-size:15px;font-weight:bold\"\u003epop3 프로토콜에 대해서\u003c/strong\u003e\n\t\t\t\t\t\t\t\t\t\t\t\u003cp style=\"font-family:AppleSDGothicNeo-Regular,'나눔고딕',NanumGothic,'맑은고딕',Malgun Gothic,dotum,'돋움',Dotum,Helvetica;margin:0;padding:0;padding-top:3px\"\u003e\n    \n    \n    \n    \n                \n                    \n                        \n                            \n\n                                    네, 클라이언트는 사용자의 PC를 말합니다.\n                         ...\u003c/p\u003e\n\t\t\t\t\t\t\t\t\t\t\u003c/td\u003e\n\t\t\t\t\t\t\t\t\t\u003c/tr\u003e\n\t\t\t\t\t\t\t\t\t\u003ctr\u003e\n\t\t\t\t\t\t\t\t\t\t\u003ctd colspan=\"2\" style=\"border-top:1px solid #eee;color:#696969;font-family:AppleSDGothicNeo-Regular,'나눔고딕',NanumGothic,'맑은고딕',Malgun Gothic,dotum,'돋움',Dotum,Helvetica;font-size:14px;letter-spacing:-1px;line-height:23px;margin:0;padding:0;padding-top:16px;vertical-align:top\"\u003e답변이 게시중단 혹은 삭제되는 경우 전체 답변을 보지 못할 수 있습니다.\u003c/td\u003e\n\t\t\t\t\t\t\t\t\t\u003c/tr\u003e\n\t\t\t\t\t\t\t\t\t\u003c/tbody\u003e\u003c/table\u003e\n\t\t\t\t\t\t\t\u003c/td\u003e\n\t\t\t\t\t\t\u003c/tr\u003e\n\t\t\t\t\t\t\u003ctr\u003e\n\t\t\t\t\t\t\t\u003ctd height=\"24\" style=\"color:#696969;font-family:AppleSDGothicNeo-Regular,'나눔고딕',NanumGothic,'맑은고딕',Malgun Gothic,dotum,'돋움',Dotum,Helvetica;font-size:14px;letter-spacing:-1px;line-height:23px;margin:0;padding:0\"\u003e\u003c/td\u003e\n\t\t\t\t\t\t\u003c/tr\u003e\n\t\t\t\t\t\t\u003ctr\u003e\n\t\t\t\t\t\t\t\u003ctd style=\"color:#696969;font-family:AppleSDGothicNeo-Regular,'나눔고딕',NanumGothic,'맑은고딕',Malgun Gothic,dotum,'돋움',Dotum,Helvetica;font-size:14px;letter-spacing:-1px;line-height:23px;margin:0;padding:0;text-align:center\"\u003e\n\t\t\t\t\t\t\t\t\u003cdiv style=\"display:inline-block;font-family:AppleSDGothicNeo-Regular,'나눔고딕',NanumGothic,'맑은고딕',Malgun Gothic,dotum,'돋움',Dotum,Helvetica;margin:0;max-width:278px;padding:0;vertical-align:top;width:100%\"\u003e\n\t\t\t\t\t\t\t\t\t\u003ctable style=\"background:#1ec800;border:1px solid #1cb800;font-family:AppleSDGothicNeo-Regular,'나눔고딕',NanumGothic,'맑은고딕',Malgun Gothic,dotum,'돋움',Dotum,Helvetica;margin:0;padding:0;table-layout:fixed;width:100%\" border=\"0\" cellpadding=\"0\" cellspacing=\"0\"\u003e\n\t\t\t\t\t\t\t\t\t\t\u003ctbody\u003e\u003ctr\u003e\n\t\t\t\t\t\t\t\t\t\t\t\u003ctd style=\"color:#696969;font-family:AppleSDGothicNeo-Regular,'나눔고딕',NanumGothic,'맑은고딕',Malgun Gothic,dotum,'돋움',Dotum,Helvetica;font-size:14px;letter-spacing:-1px;line-height:23px;margin:0;padding:0\"\u003e\u003ca href=\"https://kin.naver.com/qna/detail.nhn?d1id=1\u0026dirId=10801\u0026docId=370582144\" style=\"color:#fff;display:block;font-family:'나눔고딕',NanumGothic,'맑은고딕',Malgun Gothic,'돋움','돋움',Dotum;font-size:20px;margin:0;padding:0;padding-bottom:15px;padding-top:17px;text-decoration:none\"\u003e답변 더보기\u003c/a\u003e\u003c/td\u003e\n\t\t\t\t\t\t\t\t\t\t\u003c/tr\u003e\n\t\t\t\t\t\t\t\t\t\t\u003c/tbody\u003e\u003c/table\u003e\n\t\t\t\t\t\t\t\t\u003c/div\u003e\n\t\t\t\t\t\t\t\u003c/td\u003e\n\t\t\t\t\t\t\u003c/tr\u003e\n\t\t\t\t\t\t\u003c/tbody\u003e\u003c/table\u003e\n\t\t\t\t\u003c/td\u003e\n\t\t\t\u003c/tr\u003e\n\n\t\t\t\u003ctr\u003e\n\t\t\t\t\u003ctd style=\"background:#f8f8f9;font-family:AppleSDGothicNeo-Regular,'나눔고딕',NanumGothic,'맑은고딕',Malgun Gothic,dotum,'돋움',Dotum,Helvetica;margin:0;padding:27px 21px 69px\"\u003e\n\t\t\t\t\t\u003ctable border=\"0\" cellpadding=\"0\" cellspacing=\"0\" style=\"font-family:AppleSDGothicNeo-Regular,'나눔고딕',NanumGothic,'맑은고딕',Malgun Gothic,dotum,'돋움',Dotum,Helvetica;margin:0;padding:0;width:100%\"\u003e\n\t\t\t\t\t\t\u003ctbody\u003e\u003ctr\u003e\n\t\t\t\t\t\t\t\u003ctd style=\"color:#767676;font-family:AppleSDGothicNeo-Regular,'나눔고딕',NanumGothic,'맑은고딕',Malgun Gothic,dotum,'돋움',Dotum,Helvetica;font-size:12px;line-height:17px;margin:0;padding:0\"\u003e본 메일은 발신전용 입니다. 네이버 서비스관련 궁금하신 사항은 네이버 \u003ca href=\"https://help.naver.com\" style=\"color:#767676;font-family:AppleSDGothicNeo-Regular,'나눔고딕',NanumGothic,'맑은고딕',Malgun Gothic,dotum,'돋움',Dotum,Helvetica;font-size:12px;font-weight:bold;margin:0;padding:0;text-decoration:underline\"\u003e고객센터\u003c/a\u003e에서 확인해주세요.\u003c/td\u003e\n\t\t\t\t\t\t\u003c/tr\u003e\n\t\t\t\t\t\t\u003ctr\u003e\n\t\t\t\t\t\t\t\u003ctd height=\"11\" style=\"color:#767676;font-family:AppleSDGothicNeo-Regular,'나눔고딕',NanumGothic,'맑은고딕',Malgun Gothic,dotum,'돋움',Dotum,Helvetica;font-size:12px;line-height:17px;margin:0;padding:0\"\u003e\u003c/td\u003e\n\t\t\t\t\t\t\u003c/tr\u003e\n\t\t\t\t\t\t\u003ctr\u003e\n\t\t\t\t\t\t\t\u003ctd style=\"color:#767676;font-family:Helvetica;font-size:12px;line-height:17px;margin:0;padding:0\"\u003eCopyright ⓒ \u003cstrong style=\"font-weight:bold\"\u003eNAVER\u003c/strong\u003e Corp. All Rights Reserved.\u003c/td\u003e\n\t\t\t\t\t\t\u003c/tr\u003e\n\t\t\t\t\t\t\u003c/tbody\u003e\u003c/table\u003e\n\t\t\t\t\u003c/td\u003e\n\t\t\t\u003c/tr\u003e\n\t\t\t\u003c/tbody\u003e\u003c/table\u003e\n\t\u003c/div\u003e\n\u003c/div\u003e\n\n\n\u003c/body\u003e\u003c/html\u003e\u003ctable style='display:none'\u003e\u003ctr\u003e\u003ctd\u003e\u003cimg src=\"https://mail.naver.com/external/owl1/g9bmFouYaqUqKo2wFxEZaAMd7o-4pxgd7oKdaxtrFqtZtzFrWX-nKxgwKLl5Wx_s16_qKxMrtzlC-4kZ74FTWt.gif\" border=\"0\"/\u003e\u003c/td\u003e\u003c/tr\u003e\u003c/table\u003e"
}