{
 "Title": "test2",
 "From": "\u003cin3166@jintech2ng.co.kr\u003e",
 "To": "\u003cin3166@naver.com\u003e",
 "Uid": "GFP!!L06!!S]j\"!g^=!!",
 "Date": "2020-10-13 10:29:40",
 "Content": "\u003chtml xmlns:v=\"urn:schemas-microsoft-com:vml\" xmlns:o=\"urn:schemas-microsoft-com:office:office\" xmlns:w=\"urn:schemas-microsoft-com:office:word\" xmlns:m=\"http://schemas.microsoft.com/office/2004/12/omml\" xmlns=\"http://www.w3.org/TR/REC-html40\"\u003e\u003chead\u003e\u003cMETA HTTP-EQUIV=\"Content-Type\" CONTENT=\"text/html; charset=us-ascii\"\u003e\u003cmeta name=Generator content=\"Microsoft Word 15 (filtered medium)\"\u003e\u003cstyle\u003e\u003c!--\r\n/* Font Definitions */\r\n@font-face\r\n\t{font-family:\"Cambria Math\";\r\n\tpanose-1:2 4 5 3 5 4 6 3 2 4;}\r\n@font-face\r\n\t{font-family:\"\\B9D1\\C740 \\ACE0\\B515\";\r\n\tpanose-1:2 11 5 3 2 0 0 2 0 4;}\r\n@font-face\r\n\t{font-family:\"\\@\\B9D1\\C740 \\ACE0\\B515\";}\r\n/* Style Definitions */\r\np.MsoNormal, li.MsoNormal, div.MsoNormal\r\n\t{margin:0cm;\r\n\ttext-align:justify;\r\n\ttext-justify:inter-ideograph;\r\n\ttext-autospace:none;\r\n\tword-break:break-hangul;\r\n\tfont-size:10.0pt;\r\n\tfont-family:\"\\B9D1\\C740 \\ACE0\\B515\";}\r\nspan.EmailStyle17\r\n\t{mso-style-type:personal-compose;\r\n\tfont-family:\"\\B9D1\\C740 \\ACE0\\B515\";\r\n\tcolor:windowtext;}\r\n..MsoChpDefault\r\n\t{mso-style-type:export-only;\r\n\tfont-family:\"\\B9D1\\C740 \\ACE0\\B515\";}\r\n/* Page Definitions */\r\n@page WordSection1\r\n\t{size:612.0pt 792.0pt;\r\n\tmargin:3.0cm 72.0pt 72.0pt 72.0pt;}\r\ndiv.WordSection1\r\n\t{page:WordSection1;}\r\n--\u003e\u003c/style\u003e\u003c!--[if gte mso 9]\u003e\u003cxml\u003e\r\n\u003co:shapedefaults v:ext=\"edit\" spidmax=\"1026\" /\u003e\r\n\u003c/xml\u003e\u003c![endif]--\u003e\u003c!--[if gte mso 9]\u003e\u003cxml\u003e\r\n\u003co:shapelayout v:ext=\"edit\"\u003e\r\n\u003co:idmap v:ext=\"edit\" data=\"1\" /\u003e\r\n\u003c/o:shapelayout\u003e\u003c/xml\u003e\u003c![endif]--\u003e\u003c/head\u003e\u003cbody lang=KO link=\"#0563C1\" vlink=\"#954F72\" style='word-wrap:break-word'\u003e\u003cdiv class=WordSection1\u003e\u003cp class=MsoNormal\u003e\u003cspan lang=EN-US\u003e2\u003co:p\u003e\u003c/o:p\u003e\u003c/span\u003e\u003c/p\u003e\u003c/div\u003e\u003c/body\u003e\u003c/html\u003e"
}