{
 "Title": "=?EUC-KR?B?wKXB+CjX+SkgNTbIoyC538fgvsizuw==?=",
 "From": "\"=?EUC-KR?B?x9GxucDlx9DA57Tc?=\" \u003cwebzine@kosaf.go.kr\u003e",
 "To": "\"=?EUC-KR?B?wK/AzsG+?=\" \u003cin3166@naver.com\u003e",
 "Uid": "%9\u0026#!eB`!!4!C!!'DD\"!",
 "Date": "2020-10-14 12:19:17",
 "Content": "\n\u003c!DOCTYPE html PUBLIC \"-//W3C//DTD XHTML 1.0 Transitional//EN\" \"http://www.w3.org/TR/xhtml1/DTD/xhtml1-transitional.dtd\"\u003e\n\u003chtml\u003e\n\u003chead\u003e\n\u003ctitle\u003e\u003c/title\u003e\n\u003c/head\u003e\n\u003cbody\u003e\n\u003cdiv id=\"main\"\u003e\u003cimg src=\"https://webzine.kosaf.go.kr/vol56/data/editor/2010/3623459d3fec7150445401f37c9744f6_1602503263_62.png\" title=\"\ufffdѱ\ufffd\ufffd\ufffd\ufffd\ufffd\ufffd\ufffd\ufffd\ufffd \ufffd\ufffd\ufffd\ufffd Vol.56\" /\u003e\u003c/div\u003e\n\u003cbr/\u003e\u003cimg width='0' height='0' src='http://ems.kosaf.go.kr/jsp/ReceiveConfirmEM.jsp?SEND_MODE=R\u0026CAMPAIGN_NO=000000000004366\u0026RESULT_SEQ=1602637210761789\u0026START_DATE=20201013000000\u0026END_DATE=20201020235900\u0026LIST_SEQ=0000670007\u0026RECORD_SEQ=0\u0026CUSTOMER_ID=desonlyadd519a22406321f'/\u003e\u003c/body\u003e\n\u003c/html\u003e"
}